CustomerID,CustomerName,Address,Phone,CustSetupDate,Lat,Lng
VICTO1,VICTOR ERIC PREMIUM HOMES LTD,15 EAST 3RD AVENUE  VANCOUVER  BC V5T 1C5,6046770021,2018-02-07 10:35:52,49.26843299999999,-123.1043005
ALTER1,ALTERNATE GLAZING SYSTEMS,3545 197 STREET  LANGLEY  BC V3A 7C4,6048661713,2019-06-17 10:15:41,49.0664869,-122.6782374
PLANNI,PLANNING,URBAN DESIGN & SUSTAINABILITY 453 W 12TH AVE VANCOUVER  BC V5Y 1V4,6048716026,2020-01-28 14:57:47,41.6235425,-93.75484879999999
INTER1,INTERAZ ENTERPRISES INC.,CARRIE CATES COURT  NORTH VANCOUVER  BC V7M 3K7,7788794630,2018-02-07 10:11:25,49.3109563,-123.0815735
TMOSC1,T. MOSCONE LANDSCAPING LTD.,4025 EAST 1ST AVENUE  BURNABY  BC V5C 3W5,6042989626,2018-02-07 10:31:20,49.269596,-123.0156391
ARTIC1,ARTICLE,520 ALEXANDER STREET  VANCOUVER  BC V6A 1C7,8887463455,2018-02-07 09:34:55,49.2837419,-123.0921577
LPSCO1,LPS DEMOLITION INC,120 - 2544 DOUGLAS ROAD BURNABY  BC V5C 5W7,6042980759,2018-02-07 10:56:56,49.2615262,-122.9849969
ROBERT,ROBERTSON FLOORS LTD,400-1055 WEST 14TH STREET  NORTH VANCOUVER  BC V7P 3P2,,2018-02-07 10:26:18,49.32123199999999,-123.089683
MARIN1,MARINO GENERAL CONTRACTING LTD,6676 LABURNUM STREET  VANCOUVER  BC V6P 5M7,,2018-02-07 10:16:33,49.2250855,-123.1506126
MEDIRI,MEDIRIKE CONTRACTING SERVICES,15 - 8171 STEVESTON HIGHWAY  RICHMOND  BC V7A 1M4,,2018-11-20 08:09:55,49.13373,-123.135745
GLASTE,GLASTECH GLAZING CONTRACTORS LTD.,1613 KEBET WAY  PORT COQUITLAM  BC V3C 5W9,,2017-06-19 16:35:07,49.23874,-122.7615476
K2STON,K2 STONE INC,4391 KING GEORGE BLVD  SURREY  BC V3S 0L2,,2017-06-19 16:42:34,49.08119259999999,-122.8213847
SITKAW,SITKA WEST PROJECTS,12 - 618 WEST 6TH AVENUE  VANCOUVER  BC V5Z 1A3,,2018-07-23 10:33:07,49.2654055,-123.1052309
CEDAR1,CEDARLINE INDUSTRIES LTD,6578 144 STREET  SURREY  BC V3W 5R4,6045901550,2018-02-07 09:51:44,49.1221983,-122.8229867
GRIMEF,GRIME FIGHTERS SERVICE GROUP LTD.,107-330 EAST 7TH AVENUE  VANCOUVER  BC V5T4K5,7782377486,2017-06-19 16:35:37,49.2647849,-123.1023885
FLYIN1,FLYING FRESH AIR FREIGHT,UNIT 113  114 MILLER ROAD RICHMOND  BC V7B 1K5,6042331377,2018-08-22 12:30:05,49.1915069,-123.174555
VANCOU,VANCOUVER NATIVE HOUSING SOCIETY,1726 EAST HASTINGS STREET  VANCOUVER  BC V5L 1S9,6043203312,2018-02-07 10:34:15,49.2810807,-123.0698357
WALLCE,WALL - DO NOT USE,,,2018-08-28 11:16:56,,
ROBER1,ROBERTSON WALLS AND CEILINGS,#101A - 17802 66 AVENUE SURREY  BC V3S 7X1,7785744455,2018-02-07 10:26:12,,
NATUR1,NATUREPEDIC VANCOUVER,1588 WEST BROADWAY   VANCOUVER  BC V6J 5K9,6047420066,2018-02-07 10:18:46,49.2634902,-123.140666
SUSPE1,SUSPENDED STAGES INC.,6989 MERRITT AVENUE    BURNABY  BC V5J 4R7,,2018-02-07 10:29:50,49.21999479999999,-122.9806096
BCJOB1,BC JOBSITE SERVICES LTD.,#401-733 W. 14TH ST.  NORTH VANCOUVER  BC V7M 0C6,6049685668,2018-02-07 09:47:02,,
GIZEL1,GIZELLA PASTRY LTD.,3436 LOUGHEED HIGHWAY  BURNABY  BC V5M 2A4,,2017-06-19 16:35:00,49.2627293,-123.0289987
LIGHT1,LIGHT MAZE VANCOUVER,33777 ENTERPRISE AVENUE ABBOTSFORD  BC V2S 7T9,,2018-08-22 15:21:30,49.061162,-122.290425
ATOMC1,ATOM CONSTRUCTION LTD,8711 COOPER ROAD  RICHMOND  BC V6Y 2M6,7782230160,2018-02-07 09:46:00,49.1511371,-123.127272
INSTA1,INSTASIGN INC.,9035 208 STREET NW  EDMONTON  AB T5T 1X6,7808515500,2018-02-07 10:11:17,53.525679,-113.6757574
MICHAE,MICHAEL BERNARD,1580 BERKLEY ROAD NORTH VANCOUVER  BC V7H1Y8,,2018-08-22 15:39:48,49.3215964,-123.0044237
CAMBR1,CAMBRIDGE PLUMBING SYSTEMS LTD,4343 FRASER STREET  VANCOUVER  BC V5V 4G4,6048722561,2018-02-07 09:50:34,49.2460964,-123.0904044
CLEAR1,CLEARAWAY REMOVAL SERVICES LTD,3614 DUNSMUIR WAY  ABBOTSFORD  BC V2S 6G4,,2018-02-07 09:52:34,49.0676573,-122.2635024
HAJIS1,HAJI'S SLEEP SHOP,12540 BRIDGEPORT ROAD  RICHMOND  BC V6V 1J5,6042784151,2018-02-07 10:10:23,49.19181769999999,-123.0846286
MRCTO1,MRC TOTAL BUILD ,10141-201 STREET  LANGLEY  BC V1M 3Y5,6045757069,2018-02-07 10:18:15,49.1862266,-122.6648761
UNISO1,UNISON CONSTRUCTION MANAGEMENT LTD,200 - 900 WEST HASTINGS STREET VANCOUVER  BC V6C 1E5,6047618097,2019-05-14 09:46:32,49.282238,-123.1101458
ROMAO1,ROMAO ROOFING ,5551 ELWYN DRIVE   BURNABY  BC V5E 4A3,,2018-02-07 10:26:25,49.234586,-122.9617931
DOZYN,DOZYN DEZYN PROPERTIES,321 - 13290 78TH AVENUE SURREY  BC V3W 0H6,6045945671,2018-08-22 11:01:16,49.1441093,-122.8545603
JOHNHO,JOHN HOWARD SOCIETY,763 KINGSWAY AVENUE VANCOUVER  BC V5V 3C2,7788899981,2018-08-22 15:11:15,49.256075,-123.0879345
PARAM1,PARAMAX HOMES ,16036 - 617 BELMONT STREET DELTA  BC V3M 5Z8,6042812232,2018-02-07 10:21:36,49.2121182,-122.9204855
DENTTR,DENTAL TRIBUNE AMERICA,116 WEST 23RD STREET  STE#500 NEW YORK  NY   10011,2122447181,2018-08-22 10:56:54,,
PRECWA,PRECISION WAY PROJECTS LTD.,882 EAST 19TH AVENUE VANCOUVER  BC  V5V 1K5,6047906676,2018-08-28 07:56:21,49.2534263,-123.0861255
WALLC1,WALL CENTRE CONSTRUCTION LTD.,3502 - 1088 BURRARD STREET  VANCOUVER  BC V6Z 2R9,6048937326,2018-03-22 14:03:21,49.2801058,-123.1270521
SPIRCO,SPIRE CONSTRUCTION INC.,#106 - 7088 VENTURE STREET DELTA  BC  V4G 1H5,6043686032,2019-06-17 14:31:25,,
UPPCAN,UPPER CANADA SPECIALTY HARDWARE LTD.,4307 CANADA WAY BURNABY  BC   V5G 4J9,6047645607,2018-08-28 10:59:23,49.2548033,-123.0076844
ISLEMA,ISLE OF MANN CONSTRUCTION LTD.,304 - 15292 CROYDON DRIVE SURREY  BC V3Z 0Z5,7788922421,2018-08-22 14:28:51,49.0595042,-122.7985658
SKILCA,SKILLS CANADA BC,3777 KINGSWAY BURNABY  BC  V5H 3Z7,,2019-07-18 13:42:00,49.2330268,-123.0221921
ABROOF,ABSOLUTE ROOF SOLUTIONS INC.,1269 - 224 STREET LANGLEY  BC  V2Z 2W7,6042630343,2018-08-22 09:44:58,49.0247941,-122.6037099
BOLDE1,BOLD EVENT CREATIVE ,7570 CONRAD STREET  BURNABY  BC V5A 2H7,6044377677,2018-02-07 09:48:17,49.24565699999999,-122.9426981
CMENV1,CM ENVIRONMENTAL INC,104- 8136 130 STREET  SURREY  BC V3W 8J9,,2018-02-07 09:52:41,49.15117739999999,-122.8613753
ARBELL,A & R BELLEY INC.,1035 PANNETON STREET SHERBROOKE  QC  J1K 2B3,8663417203,2018-08-22 09:57:29,45.38965330000001,-71.9402862
HYDROT,HYDRO TECH POWER WASHING INC.,7327 PANDORA STREET BURNABY  BC  V5A 1B8,7789286768,2018-08-22 14:22:05,49.28259310000001,-122.9497696
DAWNC1,DAWN CONSTRUCTION,UNIT 105 18418 53RD AVENUE  SURREY  BC V3S 7A4,6045762711,2018-02-07 09:53:43,49.0987033,-122.7121807
ZONIN1,ZONING CONSTRUCTION LTD.,151 - 10090 152ND STREET  SURREY  BC V3R 8X8,6048617197,2017-07-10 17:49:22,49.1857461,-122.8003903
DNPCO1,DNP CONSTRUCTION,7099 195A STREET  SURREY  BC V4N 5Z3,,2017-06-19 16:25:28,49.131826,-122.6808816
DIVIS1,DIVISION 2 - DO NOT USE,10553 120TH STREET  SURREY  BC V3V 4G5,6045894663,2020-03-09 09:46:43,49.1945621,-122.8887714
CYCDE1,CYC DESIGN CORPORATION,2772 NATAL STREET VANCOUVER  BC  V5M 2H1,6043658598,2018-08-22 10:55:19,49.2600827,-123.0298214
HCCOLD,HC COLD STORAGE INC.,21771 FRASERWOOD HIGHWAY RICHMOND  BC V6W 1J5,6044739333,2019-01-17 00:00:00,49.16517289999999,-122.9793666
ROYDEN,ROY DENNIS ROOFING (2005) LTD.,2420 VISCOUNT WAY RICHMOND  BC  V6V 1N1,6042780442,2019-09-10 10:48:56,49.1949716,-123.0782828
BELPRO,BELFOR PROPERTY RESTORATION,3300 BRIDGEWAY STREET VANCOUVER  BC  V5K 1H9,7788470315,2018-08-22 10:09:31,49.2882099,-123.0319574
EZEKCO,EZEKIEL CONTRACTING INC.,10343 240A STREET MAPLE RIDGE  BC V2W 0G4,6044014697,2018-09-25 12:08:31,49.2077734,-122.5558443
HORIZL,HORIZON LANDSCAPE CONTRACTORS,4104 - 232 STREET LANGLEY  BC  V2Z 2K2,6045339757,2018-08-22 14:05:24,49.0764236,-122.5812511
STAGE3,STAGE 3 RENEWABLES INC.,11882 SYLVESTER ROAD MISSION  BC  V2V 4J1,6045187105,2018-08-28 10:42:20,49.2194336,-122.2278393
PROCAN,PRO-CAN CONSTRUCTION GROUP CORP.,117 - 3993 HENNING DRIVE BURNABY  BC  V5C 6P7,6048756388,2018-08-28 07:58:00,49.26504509999999,-123.0162834
TIDALL,TIDAL LIVING,77 EAST HASTINGS STREET VANCOUVER  BC  V6A 1M9,7786869566,2018-08-28 10:53:17,49.2815956,-123.1025588
17BLAC,17 BLACK ENTERTAINMENT LTD.,1573 ARBORDALE AVENUE VICTORIA  BC  V8N 5J1,2508914137,2018-08-14 09:02:25,48.4817818,-123.3376331
SIMAL,SIMALEX MANUFACTURING CO. LTD.,19622 TELEGRAPH TRAIL LANGLEY  BC  V1M 3E5,6048881212,2018-08-28 10:32:08,49.1796909,-122.6789375
THAIUN,THAI UNITED FOOD TRADING LTD.,#2 - 7978 NORTH FRASER WAY BURNABY  BC  V5J 0C7,6044374933,2018-08-28 10:50:38,,
MINIMI,MINI MICRO SUPPLY INC. CANADA,524 GORDON BAKER ROAD TORONTO  ON  M2H 3B4,9053057671,2018-08-22 15:41:03,43.8103533,-79.3443509
GRCCOL,GRC COLUMBIA ROOFING,PO BOX 10078  3600 - 248TH ST ALDERGROVE  BC  V4W 1Y8,6048304168,2018-08-22 13:41:18,49.0673896,-122.5363382
BRALIV,BRANDLIVE MANAGEMENT,308 - 611 ALEXANDER STREET VANCOUVER  BC V6A 1E1,6047837134,2018-08-22 10:23:28,49.28388,-123.0974188
PARQVA,PARQ VANCOUVER,220 - 858 BEATTY STREET VANCOUVER  BC  V6B 1C1,6046837277,2018-08-28 07:34:00,49.27685100000001,-123.1147961
ATIRA3,ATIRA DEVELOPMENT SOCIETY,201 - 190 ALEXANDER STREET VANCOUVER  BC  V6A 1B5,6046831256,2018-08-22 10:01:10,49.2840887,-123.0995227
SPACEI,SPACE IN TIME PROJECT MANAGEMENT LTD.,2250 - 1055 WEST GEORGIA ST VANCOUVER  BC  V6P 3E3,6043660868,2018-08-28 10:35:25,49.2853911,-123.1215501
DAMACO,DAMA CONSTRUCTION,117 LINDSAY AVENUE DORVAL  QUEBEC  H9H 2S6,5146361676,2019-05-22 16:02:08,45.45555539999999,-73.72641209999999
LIONSG,LIONS GATE EXCAVATION,#202 - 1525 WEST 8TH AVENUE VANCOUVER  BC  V6J 1T5,7789953298,2018-08-28 13:08:41,,
TRILCO,TRILLIUM PROJECT MANAGEMENT LTD.,1525 W. 8TH AVENUE  SUITE 104 VANCOUVER  BC  V6J 1T5,6047140904,2018-12-10 08:00:32,49.26462309999999,-123.1395917
JLCUST,JL CUSTOM CONSTRUCTION LTD.,501 SEVENTH AVENUE NEW WESTMINSTER  BC  V3L 1W8,6047251856,2018-12-05 11:54:09,49.2152135,-122.9212073
AMCDEV,AMC PROJECT MANAGEMENT LTD.,300 - 1275 W. 6TH AVENUE VANCOUVER  BC V6H 1A6,6047879855,2018-12-11 12:00:51,49.2664321,-123.1331434
GATETH,GATEWAY THEATRE,6500 GILBERT ROAD RICHMOND  BC  V7C 3V4,6042474982,2018-08-22 13:35:42,49.1689587,-123.1476725
DURSEA,DURA SEAL LTD,306 - 2071 KINGSWAY AVENUE PORT COQUITLAM  BC  V3C 6N2,6044721919,2018-08-22 12:21:27,49.2595432,-122.7745307
SPRTRA,SPR TRAFFIC SERVICES LP,2895 WESTSHORE PARKWAY VICTORIA  BC  V9B 0B2,6044173881,2018-08-28 10:39:20,48.4560587,-123.539571
VANMAN,VANCOUVER MANSIONS,3016 163 STREET SURREY  BC  V3Z 0E3,6043589406,2020-03-20 14:04:47,49.056719,-122.770396
RELFLA,RELIABLE FLAGGING SERVICES LTD,260 - 22529 LOUGHEED HWY #1112 MAPLE RIDGE  BC  V2X 0T5,6048680621,2019-06-05 12:13:08,,
BUCKWE,BUCKWOLD WESTERN LTD,10207 NORDEL COURT DELTA  BC  V4G 1J9,6045832355,2018-11-20 14:05:11,49.14987559999999,-122.9399657
GALLCO,GALLAGHER CONSTRUCTION INC.,2007 - 2655 BEDFORD STREET PORT COQUITLAM  BC  V3C 0B8,7783234891,2018-08-22 13:35:19,49.2640246,-122.7909356
CANUFL,CANUCK FLAGGING GROUP INC.,UNIT 356 - 8158  128 STREET SURREY  BC  V3W 1R1,6047645700,2019-07-10 10:45:36,49.1514696,-122.8650284
CHAIRD,CHAIR DECOR ETC LTD.,99 ROWNTREE DAIRY ROAD WOODBRIDGE  ON L4L 6C8,9058514007,2018-08-22 10:44:32,43.78589179999999,-79.5505972
VANWHI,VANCOUVER WHITECAPS FC LP,550 - 375 WATER STREET VANCOUVER  BC  V6B 5C6,6046699283,2018-08-28 11:05:35,49.28482349999999,-123.1105755
WESPEA,WESTPEAK DEVELOPMENTS,825 DRAYTON STREET NORTH VANCOUVER  BC V7L 2C2,7788737268,2019-04-02 08:28:19,49.3159403,-123.0509624
ADVAFL,ADVANCE FLOORING INC.,UNIT 1  2419 52ND AVENUE SE CALGARY  AB  T2C 4X7,2042557444,2018-08-22 09:48:56,51.0058393,-114.0038871
DWBCON,DWB CONTRACTING,27 - 1656 ADANAC STREET VANCOUVER  BC V5L 2C6,6046178335,2018-08-22 12:21:56,49.2773975,-123.0714149
AZORCO,AZORA CONSTRUCTION CORPORATION,2645 KINGSWAY VANCOUVER  BC  V5R 5H4,7788960851,2018-08-22 10:03:35,49.2389368,-123.0513126
CMPDEV,CMP DEVELOPMENT GROUP,#209 - 8168 GRANVILLE STREET VANCOUVER  BC  V6P 4Z4,7785582727,2018-08-22 10:51:37,,
TAMPEE,PEETER TAMMARK CONTRACTING,3852 REGENT AVENUE NORTH VANCOUVER  BC  V7N 2C4,6043287514,2018-08-28 10:49:29,49.344598,-123.0599284
TIMELI,TIMELINE FLOORS INC.,101 - 3870 JACOMBS ROAD RICHMOND  BC  V6V 1Y6,7787857364,2018-10-29 16:09:09,49.186305,-123.0799197
UNIWIN,UNISON WINDOWS & DOORS INC.,106 - 1533 BROADWAY STREET PORT COQUITLAM  BC  V3C 6P3,6049806000,2019-05-22 16:06:29,49.24395699999999,-122.763159
NICPIZ,NICLI ANTICA PIZZERIA INC.,62 E. CORDOVA STREET VANCOUVER  BC  V7R 2E5,6047834032,2018-08-27 15:32:42,49.28217919999999,-123.1028313
STRIFO,STRIKE FORCE CONTRACTING,11241 PRINCESS STREET MAPLE RIDGE  BC V2X 1L6,6048363260,2018-08-28 10:45:41,49.20703229999999,-122.6605537
LOOMEX,LOOMIS EXPRESS,7890 EXPRESS STREET BURNABY  BC  V5A 1T4,6048302470,2018-08-22 15:21:51,49.2595567,-122.93478
SILEXC,SILEX RESTORATIONS LTD.,356 HARBOUR AVENUE NORTH VANCOUVER  BC  V7J 2E9,6049858449,2018-08-28 10:31:51,49.3073021,-123.0334209
MARRIO,JW MARRIOTT PARQ VANCOUVER,89 SMITHE STREET VANCOUVER  BC V6B 0R3,6044993254,2019-04-02 10:12:52,49.27624480000001,-123.1145078
ARCONE,ARCONESH MECHANICAL,402 - 215 - 12TH STREET NEW WESTMINSTER  BC  V3M 4H4,7788631376,2017-12-05 09:49:07,49.2019865,-122.9233686
HIMI,HIMI HOLISTIC INTEGRATED MGMT INC.,2173 SOLERNO COURT KELOWNA  BC  V1V 2S4,2508641061,2018-08-22 14:05:01,49.959568,-119.4044878
ALPOME,ALPHA & OMEGA ENDEAVORS INC.,5137 - 246 STREET LANGLEY  BC V2Z 1H9,6048571694,2018-08-22 09:52:29,49.0950623,-122.5430253
ARTFUL,ARTFUL FLOORS INC.,209 - 8351 BENNETT ROAD RICHMOND  BC  V6Y 1N4,7783217116,2019-03-27 12:32:52,49.1613774,-123.1321158
CARGOD,CARGO DYNAMICS LOGISTICS INC.,128 - 21300 GORDON WAY RICHMOND  BC  V6W 1M2,6042731882,2018-08-22 10:40:24,49.1674209,-122.9867811
DENNIS,DENNIS HOYT INC.,10927 - 128A STREET SURREY  BC  V3T 3H8,6047548790,2019-07-10 11:24:47,49.201384,-122.8664955
VICINI,VICINI HOMES WARD LP,#250 - 1311 KOOTENAY STREET VANCOUVER  BC  V5K 4Y3,6042967995,2018-08-28 11:11:05,,
BLAUAS,BLAU & ASSOCIATES,39 SMITHE STREET VANCOUVER  BC  V6B 0R3,7783708900,2018-08-22 10:19:29,49.27537419999999,-123.1128477
IMPERI,IMPERIAL HOSPITALITY GROUP,4125 EAST HASTINGS STREET BURNABY  BC  V5C 2J3,7789960594,2018-08-22 14:10:06,49.2813188,-123.0133101
NORTIL,NORTH SHORE TILING,509 - 110 EAST KEITH ROAD NORTH VANCOUVER  BC  V7L 1T9,6047100208,2018-08-27 15:33:53,49.3133413,-123.059707
SPENCE,SPENCERCREO FOUNDATION,500 - 610 MAIN STREET VANCOUVER  BC  V6A 2V3,7783864836,2018-08-28 10:36:28,49.2801674,-123.0992285
EVERLI,EVERLINE COATINGS & SERVICES VANCOUVER,16718 22 AVENUE SURREY  BC  V3Z 0M3,4034041200,2018-08-22 12:27:28,49.04195000000001,-122.7587383
EDIFIC,EDIFICE MASONRY,408  1730 PENDRELL STREET VANCOUVER  BC  V6G 3A3,6044405586,2018-08-22 12:23:37,49.287017,-123.1397865
GREGHE,GREG HEIMAN,4790 BATTY ROAD PORT ALBERNI  V9Y 8T9,2506184078,2018-08-22 13:43:00,49.299791,-124.809805
JACOBB,JACOB BROS. CONSTRUCTION INC.,3399 - 189TH STREET SURREY  BC  V3Z 1A7,6044510303,2018-08-22 15:07:58,49.0627393,-122.7010933
SPRING,SPRING OLIVE DEVELOPMENT INC,UNIT 201 - 700 MARINE DRIVE NORTH VANCOUVER  BC V7M 1H3,6043394414,2018-10-10 13:36:38,49.32051329999999,-123.0917827
LOCKBL,LOCK-BLOCK LTD.,13171 MITCHELL ROAD RICHMOND  BC  V6V 1M7,6043259161,2018-10-23 13:11:36,49.2059035,-123.0739962
MORINW,MORINWOOD MFG INC,2049 KEATING CROSS ROAD VICTORIA  BC V8M 2A5,2504790581,2018-08-27 15:25:38,48.5647521,-123.4149209
FORWA1,FORWARD 1 CONSTRUCTION,8791 COOPER ROAD RICHMOND  BC  V6Y 2M6,6042777055,2018-08-22 12:31:22,49.1503783,-123.127288
WADCON,WADSLEY CONSULTING (BAYSWATER PROJECTS LTD.),2543 BALACLAVA STREET VANCOUVER  BC V6K 4C9,6047200603,2018-08-28 11:16:01,49.26344,-123.174332
JFSFOR,JFS FORM WORK,UNIT 315 11671 7TH AVENUE RICHMOND  BC V7E 4X2,6046168936,2018-08-22 15:10:16,49.12752889999999,-123.192215
DPCWIN,DPC WINDOW & DOORS INC.,11673 84 AVENUE DELTA  BC  V4C 1C7,7788989048,2019-07-24 13:12:17,49.1560982,-122.8995121
POTLUC,POTLUCK CAFE,20 WEST HASTINGS STREET VANCOUVER  BC V6B 1G6,6043142611,2019-01-16 12:18:09,49.2815518,-123.1054336
PAULPH,PAUL PHILLIPS,1337 MILL STREET NORTH VANCOUVER  BC  V7K 1V5,6043516415,2018-08-28 07:34:26,49.349566,-123.0367241
CANJER,CANADIAN JERKY COMPANY LTD.,UNIT 2 - 2133 191 STREET SURREY  BC  V3S 3M3,6045608530,2018-08-22 10:28:22,49.0403834,-122.6950168
CLEANS,CLEAN START JUNK REMOVAL,210 - 3989 HENNING DRIVE BURNABY  BC  V5C 6P8,6049925316,2018-08-22 10:49:23,49.2645428,-123.0171872
CLEARV,CLEARVIEW DEMOLITION LTD.,18960 - 34A AVENUE SURREY  BC  V3Z 1A7,6045353026,2019-01-08 15:11:00,49.0640244,-122.6988341
JATECE,JATEC ELECTRIC LTD.,100  2304 - 119 AVENUE NE EDMONTON  AB  T6S 1B3,7826289973,2018-08-22 15:09:04,53.573016,-113.310841
ANENDA,ANENDA SYSTEMS INC.,1278 CLIVEDEN AVENUE DELTA  BC  V3M 6G4,7789548648,2018-08-22 09:55:06,49.1691071,-122.9540502
CTMCOA,CTM COASTAL TRAFFIC MANAGEMENT INC.,3690 EAST 47TH AVENUE VANCOUVER  BC  V5S 1E4,6048139006,2018-08-22 10:54:43,49.22620149999999,-123.0238984
PLATIN,PLATINUM PRO-CLAIM,13880 MAYFIELD PLACE RICHMOND  BC  V6V 2E4,7788367261,2018-08-28 07:51:01,49.18119,-123.069835
PARALL,PARALLEL 49 BREWING CO.,1950 TRIUMPH STREET VANCOUVER  BC  V5T 1K5,6043493224,2019-01-14 10:15:52,49.28369960000001,-123.0643421
NSCPDE,NSCP DESIGN BUILD LP,230 - 4311 VIKING WAY RICHMOND  BC  V6V 2K9,7789512429,2019-05-22 16:55:13,49.1915109,-123.0738827
COWRYC,COWRY CABINETS INC.,120 - 3971 NO. 6 ROAD RICHMOND  BC  V6V 1P6,8889131358,2018-08-22 10:53:58,49.1802077,-123.0695904
PRECES,PRECISE ESTIMATIONS,1401 - 1498 HARWOOD STREET VANCOUVER  BC  V6G 1X6,6043490339,2018-08-28 07:54:17,49.2827753,-123.1396409
BCHOPC,BC HOP COMPANY,1905 COLE ROAD ABBOTSFORD  BC  V3G 1T3,6048257396,2018-08-22 10:06:00,49.036336,-122.18414
BCOUTF,BC OUTDOOR FLOORING,1000 PARKER STREET VANCOUVER  BC V6A 2H2,7786891600,2018-09-06 17:17:20,49.27551159999999,-123.0800114
RCSTEC,ROCKY'S CONCRETE SOIL TECHNOLOGY,1 - 1680 LLOYD AVE NORTH VANCOUVER  BC V7P 2N6,7788985232,2019-11-01 16:28:21,49.3245093,-123.1047164
TITFIR,TITAN FIRE PROTECTION LTD,104 - 197 FORESTER STREET NORTH VANCOUVER BC V7H 0A6,6047216594,2018-10-22 15:32:45,49.30577450000001,-123.0106888
WINMA1,WINMAR RESTORATION,7930 130 STREET  SURREY  BC V3W 0H7,6044336000,2019-07-10 14:39:19,49.146998,-122.8619599
FABWEL,FABWELL INDUSTRIES INC.,8760 RIVER ROAD DELTA  BC V4G 1B5,6042299647,2018-08-22 12:28:44,49.1529004,-122.9804633
KINDR1,KINDRED CONSTRUCTION,3035 WEST 7TH AVENUE  VANCOUVER  BC V6K 1Z7,6047364847,2018-09-18 13:57:47,49.2659329,-123.1729236
ACCIVI,AC CIVIL CONTRACTING,300 - 4180 LOUGHEED HIGHWAY BURNABY  BC  V5C 6A7,6042998328,2019-05-14 10:33:56,49.265405,-123.011037
HAVON1,HAVONA CONTRACTING LTD,9780 GENERAL CURRIE ROAD  RICHMOND  BC V6Y 2S7,,2018-11-26 13:13:18,49.159167,-123.1156534
ATIRA1,ATIRA WOMEN'S RESOURCE SOCIETY,101 EAST CORDOVA STREET  VANCOUVER  BC V6A 1K7,6043311407,2018-02-07 09:35:03,49.2825526,-123.1017714
X3CONS,X3 CONSTRUCTORS INC.,125 - 998 HARBOURSIDE DRIVE NORTH VANCOUVER  BC  V7P 3T2,7788778418,2018-09-04 10:51:00,49.3151567,-123.1007738
COAST2,COASTLINE DEVELOPMENT,5A - 1225 EAST KEITH ROAD NORTH VANCOUVER  BC  V7J 1J3,7782284208,2019-10-16 12:53:17,49.3126074,-123.0389696
STANH1,STANHOPE PROJECTS,3111 HIGHLAND DRIVE  NORTH VANCOUVER  BC V7R 2X5,6047702210,2018-11-13 13:43:24,49.3378072,-123.1017074
SEVCOF,SEVCO FOODS,#180-4611 VIKING WAY RICHMOND  BC  V6V 2K9.,6043013070,2018-10-12 11:23:19,,
EDGESA,EDGESAFE SYSTEMS LTD.,2320B ROGERS AVENUE COQUITLAM  BC  V3K 5X7,7789914059,2019-11-19 14:37:00,49.2241384,-122.8278
KEKINO,KEKINOW NATIVE HOUSING SOCIETY,1014 - 7445 132ND STREET SURREY  BC  V3W 1J8,6045915299,2018-09-04 12:07:47,49.1368229,-122.8567487
FURTAD,FURTADO CONTRACTING LTD.,4032 RUMBLE STREET BURNABY  BC  V5J 1Z6,7788282982,2019-07-19 14:22:09,49.2145906,-123.0143496
COAST1,COAST MOUNTAIN ROOF LTD,#3 - 7228 WINSTON STREET  BURNABY  BC V5A 3R1,,2018-02-07 09:52:48,,
KANIN1,KANIN CONSTRUCTION MANAGEMENT,UNIT 101 - 19162 22 AVENUE SURREY  BC  V3S 3S6,6043851363,2018-08-22 14:47:21,49.0414314,-122.6927527
SHUKS1,SHUKSAN CONTRACTING LTD.,205 18428 53RD AVENUE   SURREY  BC V3S 7A4,6045757790,2017-07-10 17:39:49,49.0985937,-122.7117474
OHARA1,O'HARA HOLDINGS INC.,116 - 260 - 16TH STREET EAST  NORTH VANCOUVER  BC V7L 2S9,7783863169,2018-02-07 10:19:55,49.3232736,-123.0667361
PARKS,PARK STEWARDSHIP PROGRAM,57 EAST HASTINGS ST VANCOUVER  BC V6A 0A7 AUSTIN LUI (EW),6046204587,2019-01-16 15:51:57,49.2815806,-123.1030879
MAINGR,MAINLAND GROUP OF COMPANIES,206 - 12899 80 AVENUE SURREY  BC  V3W 0E6,6045915599,2018-08-22 12:46:26,49.1494109,-122.8643334
ARADEV,ARAGON DEVELOPMENT CORP.,201 - 1628 WEST 1ST AVENUE VANCOUVER  BC  V6J 1G1,6047326170,2019-10-23 10:37:54,49.2702633,-123.1414438
HELUX1,HELUX ENVIRONMENTAL SERVICES INC.,179 5489 BYRNE ROAD BURNABY  BC V5J 3J1,6044545060,2018-08-22 14:01:55,49.2012958,-122.9848035
ALPHA1,ALPHA DRYWALL,2650 PITT RIVER ROAD PORT COQUITLAM  BC  V3C 1R9,6047701477,2018-07-02 12:24:46,49.2521771,-122.7918926
SUNVAL,SUN VALLEY MASONRY INC.,#3A - 33790 INDUSTRIAL AVENUE ABBOTSFORD  BC  V2S 7T9,6048534263,2018-09-26 15:29:30,,
AXIOM,AXIOM BUILDERS INC,1100 - 838 W. HASTINGS STREET VANCOUVER  BC V6C 1C8,6044335711,2019-04-02 08:05:15,49.287947,-123.119771
TEKRO1,TEK ROOFING,201 - 204 CAYER STREET COQUITLAM  BC  V3K 5B1,6046854652,2018-02-07 10:30:14,49.23635789999999,-122.8485008
EABTOO,EAB TOOL CO. LTD.,384 EBURY PLACE DELTA  BC  V3M 6M8,6043960978,2018-08-22 12:22:24,49.1594044,-122.9567732
SAFEG1,SAFE GUARD FENCING LTD ,22377 DEWDNEY TRUNK ROAD   HANEY  BC V2X 3J4,6045801275,2018-02-07 10:26:41,49.2206966,-122.601893
3RDEM1,3R DEMOLITION,5735 BERESFORD ST  BURNABY  BC V5J1J9,6044352555,2018-09-18 12:51:57,49.2190058,-122.980445
STANBU,STANBULL CONTRACTING INC.,565 HELMCKEN STREET VANCOUVER  BC  V6B 5H7,7789870676,2018-08-28 10:42:54,49.2774298,-123.1231219
SKYHIS,SKY-HI SCAFFOLDING LTD.,3195 PRODUCTION WAY BURNABY  BC  V5A 3H2,7782380611,2018-09-26 12:07:13,49.25482290000001,-122.9195431
CANGRO,CANOPY GROWTH CORPORATION,349  264 STREET LANGLEY  BC V4W 2K1,6046077655,2018-11-02 14:14:32,49.00817079999999,-122.4926685
IDEAL1,IDEAL SUNDECKS ,15107 92 A AVENUE   SURREY  BC V3R 7H3,6045918592,2018-02-07 10:11:04,49.17121119999999,-122.8036777
CUSBUI,CUSTOM BUILDING PRODUCTS CANADA LTD,12638 82 AVENUE SURREY  BC V3W 3G1,6046911021,2018-09-28 14:50:54,49.151745,-122.872381
MARMON,MARMONT CONSTRUCTION SERVICES LTD,7664 WINSTON STREET BURNABY  BC  V5A 2H4,6044220643,2018-11-02 13:39:40,49.24785139999999,-122.9392431
EASTWO,EASTSIDE WORKS,57 EAST HASTINGS ST VANCOUVER  BC V6A 0A7,6046204587,2020-03-23 09:42:59,49.2815806,-123.1030879
SAVEON,SAVE ON MEATS,43 WEST HASTINGS STREET VANCOUVER  BC  V6B 1G4,6045693568,2018-12-03 14:28:47,49.2820917,-123.1059682
720485,720485 BC LTD.,11840 82 AVENUE DELTA  BC  V4C 2C5,7789687400,2019-06-17 14:25:34,49.152031,-122.894708
BACON1,BACON APPRECIATION SOCIETY ,155 WEST BROADWAY   BURNABY  BC V5H 1P4,,2017-06-19 16:05:54,49.2632552,-123.108257
HOLLAN,HOLLAND IMPORTS INC.,2306 MADISON AVENUE BURNABY  BC  V5C 4Y9,6042995741,2019-05-22 16:08:38,49.2632462,-123.0071319
WSSCOT,WS SCOTT STATION DEVELOPMENT LP,13328 104 AVENUE SURREY  BC    V3T 1V4,6043608527,2020-03-02 11:03:44,49.191511,-122.852934
BESTB1,BEST BUILDERS LTD.,1338 56TH ST  DELTA  BC  V4K 2A4,,2018-02-07 09:47:47,49.027171,-123.068228
GASMOC,GASMO CONTRACTING LTD.,407 - 733 WEST 14TH STREET NORTH VANCOUVER  BC  V7M 0C6,7789968254,2018-11-07 12:34:10,49.3210381,-123.0931056
FOURS1,FOURSQUARE WOODWORKING,301 - 1220 EAST PENDER STREET VANCOUVER  BC  V6A 1W8,6049280164,2018-11-13 11:06:25,49.2803441,-123.0973394
REDEKO,REDEKOP DEVELOPMENT (EDMUND) CORP.,206 - 2636 MONTROSE AVENUE ABBOTSFORD  BC  V2S 3T6,7782460092,2019-12-16 16:15:02,49.0498291,-122.2900177
CJSPA1,CJ'S PAINTING,938 BEATTY STREET  VANCOUVER  BC V6Z 3G6,,2017-06-19 16:22:53,49.2760784,-123.1160259
WESCAN,WESCAN CONSTRUCTION & RENOVATION,451 EAST 60TH AVENUE  VANCOUVER  BC V5X 2A1,6046442384,2018-02-07 10:36:26,49.2159644,-123.0958015
HANSD1,HANS DEMO,12498 55TH AVENUE  SURREY  BC V3X 3S9,,2019-02-25 16:12:55,49.1029493,-122.8764018
URBAN1,URBAN ONE,301 - 611 ALEXANDER STREET  VANCOUVER  BC V6A 1E1,6048735100,2019-05-22 10:51:08,49.2840674,-123.0978665
VANGOV,VANGO VAPES,11518 141A STREET SURREY  BC  V3R 3K5,6047801539,2018-12-03 12:52:08,49.2122975,-122.8294057
ALMAM1,ALMA MATER SOCIETY OF UBC ,6133 UNIVERSITY BOULEVARD   VANCOUVER  BC  V6T 1Z1,6048221204,2018-08-22 09:51:56,49.26647790000001,-123.2498647
VANCON,VANCOUVER CONVENTION CENTRE,1055 CANADA PLACE VANCOUVER  BC  V6C 0C3,6046898232,2018-11-13 09:22:40,49.2883436,-123.1153855
PATTON,PATTON & COOKE CO.,#100 - 7795 128TH STREET SURREY  BC  V3W 4E6,6045915374,2018-11-19 15:08:27,,
ITCCO1,ITC CONSTRUCTION GROUP,#800 - 564 BEATTY STREET VANCOUVER  BC V6B 2L3,,2019-05-21 15:30:09,,
SEAGA1,SEAGATE CONSULTING LTD,8661 - 201 STREET  UNIT #200 LANGLEY  BC V2Y 0G9,6042401119,2019-02-12 07:46:17,,
RIZEA1,RIZE ALLIANCE (GOLD HOUSE) LP,3204 - 1055 DUNSMUIR STREET VANCOUVER  BC  V7X 1L4,6046391656,2019-09-24 12:59:05,49.2864943,-123.1214363
PELLB1,PELL BUILDER INC.,7681 BARRYMORE DRIVE  DELTA  BC V4C 4C8,7789687467,2018-02-07 10:22:14,49.1426148,-122.9220849
TOWNL1,TOWNLINE CONSTRUCTION INC.,1212 - 450 SW MARINE DRIVE VANCOUVER  BC  V5X 0C3,6043278760,2019-07-31 15:04:53,49.2030367,-123.1330859
GFLEN1,GFL ENVIRONMENTAL LTD,7890 VANTAGE WAY  DELTA  BC V4G 1A7,6049460506,2019-04-02 09:52:57,49.1410634,-123.0055073
PARKLA,PARKLANE RIVER DISTRICT DEVELOPMENTS,910-1055 DUNSMUIR ST  VANCOUVER  BC V7X 1L3,,2017-06-19 16:57:24,49.2864207,-123.1212713
GRYPH1,GRYPHON 4066 LP,6107 WEST BOULEVARD VANCOUVER  BC V6M 3X3,,2019-03-25 10:09:59,49.2307091,-123.1559374
CCIRE1,CCI RENOVATIONS,129-1305 WELCH ST.  NORTH VANCOUVER  BC V7P 1B3,,2018-02-07 09:51:35,49.31727,-123.1092979
DGSCON,DGS CONSTRUCTION COMPANY LTD.,A101 - 13761 - 116 AVENUE SURREY  BC  V3R 0T2,6043623565,2018-12-03 10:59:29,49.2137369,-122.8413738
REBUI1,REBUILD CONSTRUCTION,1060 HOWE STREET  VANCOUVER  BC V6Z 1P5,,2019-04-02 09:46:23,49.2791997,-123.1248101
CENTU1,CENTURA BUILDING GROUP,460 FRASER VIEW PLACE DELTA  BC V3M 6H4,6045286010,2019-11-04 12:40:32,49.159639,-122.9535642
ATIRA2,ATIRA PROPERTY MANAGEMENT INC.,405 POWELL STREET VANCOUVER  BC V6A 1G7,6044398848,2018-09-18 13:02:07,49.28320129999999,-123.0950025
FDGPRO,FDG PROPERTY MANAGEMENT LTD,5645 - 199TH STREET  LANGLEY  BC V3A 1H9,,2017-06-19 16:33:12,49.1053148,-122.6714487
MAGIL1,MAGIL CONSTRUCTION PACIFIC,4405 CANADA WAY BURNABY  BC V5G 1J3,6048397275,2018-08-22 15:23:52,49.2550204,-123.0061178
BRENT1,BRENTA CONSTRUCTION INC ,2810 NORLAND AVENUE   BURNABY  BC  V5B 3A6,6044305887,2018-08-22 10:25:49,49.260316,-122.980489
ELLISD,ELLISDON - DO NOT USE,,,2018-02-07 09:56:34,,
GREENC,GREEN CLEAN (2016) INC.,UNIT 13 - 5291 OAKMOUNT CRESC BURNABY  BC V5H4S7,,2018-02-07 10:09:51,49.230859,-122.988029
MIDFI1,MIDFIELD INTERACTIVE,64 HATT STREET DUNDAS  ON L9H 7T6,5198207356,2018-11-22 17:14:37,43.2655459,-79.9583085
JAYSEL,JAY SELINGER,17296  64A AVENUE SURREY  BC  V3S 0P5,7782415969,2019-01-03 13:07:23,49.1194899,-122.7432913
TROICO,TROICO HOME SOLUTIONS,102 - 1636 WEST 2ND AVENUE VANCOUVER  BC  V6J 1H4,6045450123,2019-05-22 16:04:21,49.2695436,-123.141675
VAPEWO,VAPEWORLD DISTRIBUTION LTD.,200-6501 PARK OF COMMERCE BLVD BOCA RATON  FL  33487,9547909416,2019-01-02 13:55:10,26.4051473,-80.0975363
SATUR1,SATURN 121 CONSTRUCTION INC.,407 - 837 WEST HASTINGS STREET VANCOUVER  BC  V6C 1B6,6049136121,2019-01-15 07:40:22,49.2837001,-123.1109859
KENAID,KENAIDAN CONTRACTING LTD.,240 - 4311 VIKING WAY RICHMOND  BC  V6V 2K9,9056702660,2019-11-27 09:30:16,49.1835646,-123.0722591
SUNCO1,SUNCO DRYWALL LTD,#206A - 9785 192ND STREET  SURREY  BC V4N 4C7,6045133111,2018-02-07 10:58:41,,
MICHEL,MICHELS CANADA,1102  16 AVENUE NISKU  AB  T9E 0A9,6043636012,2019-04-24 14:18:45,53.32555619999999,-113.5043691
DSNSAF,DSN SAFETY INC.,P2109 - 511 ROCHESTER AVENUE COQUITLAM  BC  V3K 0A2 ANDREW KUM,6044401099,2019-01-30 08:29:03,49.2458486,-122.890779
DRAMAS,DRAIN MASTER,3287 ARDINGLEY AVENUE BURNABY  BC  V5B 4A5,6047392000,2020-01-23 15:52:59,49.2546883,-122.9717265
COLDEV,COLTER DEVELOPMENTS JV LTD.,3 - 11711 NO 5 ROAD RICHMOND  BC  V7A 4E8,6042772231,2019-05-22 15:58:07,49.127636,-123.092583
MATRI1,MATRIX STEEL SERVICES,9079  JONES RD UNIT 2  RICHMOND  BC V6Y 4G9,,2018-02-07 10:16:56,49.157505,-123.1243621
ANIFUR,ANIZCO FURNITURE,250 TERMINAL AVENUE VANCOUVER  BC  V6A 2L4,6046822528,2019-01-28 08:53:04,49.2721679,-123.0989576
PPDRES,PPD RESTORATIONS,UNIT 12 - 1750 MCLEAN AVENUE PORT COQUITLAM  BC V3C 1M9,7783858617,2019-05-22 15:57:49,49.2527328,-122.7636402
CHANDO,CHANDOS CONSTRUCTION LTD.,103 - 4180 LOUGHEED HWY BURNABY  BC  V5C 6A7,7804368617,2020-03-23 09:23:00,49.265396,-123.0110765
QUANT1,QUANTUS CMI,200B - 1228 HAMILTON STREET VANCOUVER  BC V6B 6L2,7788770990,2019-02-25 14:28:58,49.2743299,-123.1231956
LUNNYA,LUNNY ATMORE LLP ,#900-900 WEST HASTINGS STREET  VANCOUVER  BC V6C 1E5,,2018-02-07 10:15:13,,
KEITHP,KEITH PANEL SYSTEMS ,#2 - 40 GOSTICK PLACE  NORTH VANCOUVER  BC V7M 3G3,6049874499,2017-07-25 15:49:31,,
DONNE1,DONNELLY LANDSCAPES,326 STANLEY STREET  NEW WESTMINSTER  BC V3M 5H2,,2018-02-07 09:54:32,49.1933527,-122.9330603
KLOND1,KLONDIKE CONTRACTING CORP,#300 - 1375 W 6TH AVENUE VANCOUVER  BC V6H 0B1,6047083337,2018-02-07 10:14:19,,
WESGR1,WESGROUP CONTRACTING LTD.,910 - 1055 DUNSMUIR ST VANCOUVER  BC V7X 1L3,6046481800,2020-01-23 12:26:43,49.2864207,-123.1212713
NEWCIT,NEW CITY CONTRACTING LTD,1109 VENABLES STREET VANCOUVER  BC V6A 2E3,6043669386,2019-04-02 10:04:16,49.2769702,-123.0807593
LDJCON,LDJ CONTRACTING (2016) LTD.,10499 WILLOW GROVE SURREY  BC  V4N 1V7,6044189592,2019-02-25 09:22:28,49.1934253,-122.764088
DMSHYD,DMS HYDRONIC MECHANICAL SYSTEMS LTD,7449 CONWAY AVENUE BURNABY  BC  V5E 2P7,6043698976,2020-01-13 11:27:40,49.2161834,-122.9689308
GWILSO,G WILSON CONSTRUCTION CO LTD,161 WEST 4TH AVENUE VANCOUVER  BC  V5Y 1G4,6048738013,2019-05-15 09:49:44,49.2675567,-123.1087402
TOPCOP,TOPCO PALLET RECYCLING LTD.,8 - 10619 TIMBERLAND ROAD SURREY  BC  V3V 3T3,6045822020,2019-07-30 00:00:00,49.1937013,-122.9010495
ALLAI1,ALLAIRE,245 - 9600 CAMERON STREET BURNABY  BC V3J 7N3,6044228718,2017-10-10 08:56:01,49.253077,-122.8982355
ROBINS,ROBIN SURCESS,590 WEST KINGS ROAD NORTH VANCOUVER  BC V7N 2M4,6042302777,2018-02-07 10:26:21,49.3376221,-123.0848816
TRUSPA,TRUSPACE DESIGN,9323 - 47 STREET NW EDMONTON  AB T6B 2R7,2509750754,2019-05-22 15:58:24,53.5308352,-113.4073909
HANSO1,HANSON INTERNATIONAL,#218  810 QUAYSIDE DRIVE  NEW WESTMINSTER  BC V3M 6B9,6043760291,2018-02-20 14:54:32,,
AAEXCA,A & A EXCAVATING LTD.,5530 FOREST STREET BURNABY  BC V5G 3X3,7782884877,2019-06-17 14:26:34,49.24745670000001,-122.9829969
TAMGMT,TA MANAGEMENT LTD,300 - 1111 WEST GEORGIA STREET VANCOUVER  BC V6E 4M3,,2019-03-20 16:54:29,49.27975199999999,-123.1153454
DONSI1,DON SIMPSON CONSTRUCTION,509 EAST 30TH AVENUE VANCOUVER  BC   V5V 2V7,6047606080,2018-11-14 09:41:56,49.2437921,-123.0938412
21CENT,21ST CENTURY ROOFERS LTD.,20094 FERNRIDGE CRESCENT LANGLEY  BC  V2Z 1X4,6043078592,2019-10-10 17:08:32,49.042828,-122.6649999
TYPHO1,TYPHON CUTTING AND CORING,430 ENGLISH BLUFF ROAD DELTA  BC  V4M 2N2,6048390914,2018-02-19 16:06:20,49.01053899999999,-123.0896291
ARGOSA,ARGO SAFETY SERVICES LTD.,411 - 1150 29TH STREET EAST NORTH VANCOUVER  BC  V7K 3E2,6049966120,2019-07-10 10:43:41,49.33543419999999,-123.0628782
DYNAST,DYNASTY TRAFFIC LTD.,30041 HARRIS ROAD ABBOTSFORD  BC  V4X 1Y9,6043625000,2019-07-30 00:00:00,49.10396850000001,-122.392386
KANATA,KANATA PROJECT,1726 EAST HASTINGS STREET  VANCOUVER  BC V5L 1S9,6043203312,2017-06-19 16:42:46,49.2810807,-123.0698357
NOVAC1,NOVACOM BUILDING PARTNERS LTD.,101-18663 52ND AVE  SURREY  BC  V3S 8E5,6042737303,2018-09-11 14:54:53,49.0975532,-122.7062745
NOBLEW,NOBLE WEST CONTRACTING LTD.,11241 PRINCESS STREET MAPLE RIDGE  BC  V2X 1N3,6048363260,2019-04-29 11:40:30,49.20703229999999,-122.6605537
DECOCO,DECO CONSTRUCTION & MAINTENANCE LTD.,26023 36 AVENUE ALDERGROVE  BC  V4W 2A9,6047606340,2019-04-17 11:38:24,49.0673531,-122.5031607
PEQIS1,PEQISH FOOD COMPANY,4446 HERMITAGE DRIVE   RICHMOND  BC V7E 4N4,6048613999,2018-02-07 10:22:23,49.1366415,-123.1763432
PRENT1,PRENTICE HOPE AND LAND,980 SHERWOOD LANE  WEST VANCOUVER  BC V7V 3X9,,2018-02-07 10:23:20,49.333469,-123.1645469
RIGGI1,RIGGIT (CREW CALL) SERVICES,8021 ENTERPRISE STREET BURNABY  BC V5A 1V5,6046961481,2019-07-02 11:57:35,49.25577390000001,-122.931654
RAREIN,RARE INDIGO VENTURES,117 - 3823 HENNING DRIVE BURNABY  BC  V5C 6P3,6047326644,2018-08-28 08:00:15,49.2651438,-123.0214302
101WES,101 WEST HASTINGS HOLDINGS,501 - 1067 WEST CORDOVA STREET VANCOUVER  BC  V6C 1C7,7789808818,2018-12-05 13:07:14,49.2848821,-123.1106897
PACWES,PACIFIC WEST SYSTEMS SUPPLY LTD.,20109 LOGAN AVENUE LANGLEY  BC V3A 4L5,6045342060,2017-07-10 17:33:26,49.1108973,-122.6636568
SHIELD,SHIELD MASONRY LTD.,9013 SHAUGHNESSY STREET VANCOUVER  BC  V6P 6R9,7788594634,2019-12-02 11:54:10,49.203214,-123.1276279
CONRAD,CONRAD'S HARDWOOD & INTERIOR FINISHING,107 - 2958 WHISPER WAY COQUITLAM  BC  V3E 3S7,7788954072,2019-05-22 11:30:05,49.2961655,-122.7900769
MARCO1,MARCON - DO NOT USE,,,2018-02-07 10:16:13,,
MARCO2,MARCON - DO NOT USE,,,2018-02-07 10:16:18,,
CMISAL,CMI SALES INC.,79 PRAIRIE PLACE ROCKYVIEW COUNTY  AB  T1X 0K2,4035401392,2019-04-30 11:38:40,50.9850934,-113.9046627
APEXRE,APEX EVENT RENTALS,4027 PHILLIPS AVENUE BURNABY  BC  V5A 2X4,6044203773,2019-05-15 09:28:39,49.24806470000001,-122.9493622
MJPVE1,MJP VENTURES LTD,402 - 2345 DUNDAS ST VANCOUVER  BC  V5L 1K2,6042539444,2018-08-27 15:24:22,49.2850331,-123.0571624
DARWI1,DARWIN CONSTRUCTION,404 - 197 FORESTER STREET NORTH VANCOUVER  BC V7H 0A6,6049297944,2019-07-17 08:16:06,49.3057125,-123.0096924
VINTOP,VINTOP DEVELOPMENT CORPORATION,2399 - 650 WEST GEORGIA ST VANCOUVER  BC V6B 4N8,7789870966,2019-06-19 09:20:30,49.2818976,-123.1179129
MODNIA,MODERN NIAGARA VANCOUVER INC.,200 - 788 HARBOURSIDE DRIVE NORTH VANCOUVER  BC  V7P 3R7,6049804891,2019-06-21 11:29:23,49.315093,-123.0943052
KAREEN,KARE ENVIRONMENTAL LTD.,9311 RIVER DRIVE RICHMOND  BC  V6X 1Z1,6048347999,2020-03-09 09:50:32,49.1986768,-123.1200899
VANGLO,VANGLO SUSTAINABLE CONSTRUCTION GROUP LTD,2623 29TH AVENUE EAST VANCOUVER  BC  V5R 1V3,6047082243,2019-06-19 09:47:09,49.2448304,-123.0513694
JOHNSO,JOHNSON-LANCASTER AND ASSOCIATES,INC. 13031 US HWY 19N CLEARWATER  FL 33764-7224,7274106137,2018-02-07 10:12:35,27.890633,-82.71857
FOODB,GREATER VANCOUVER FOOD BANK,8345 WINSTON ST BURNABY  BC V5A 2H3,6048763601,2019-12-20 15:13:52,49.2493862,-122.9219879
509CLA,509 CLARK ROAD ,509 CLARK ROAD   BURNABY  BC V3J3X3,,2017-06-19 16:03:41,49.2596594,-122.8927516
MAGUST,MAGUSTA BURQUITLAM ONE DEVELOPMENT,5645 - 199TH STREET  LANGLEY  BC V3A 1H9,,2018-02-07 10:15:39,49.1053148,-122.6714487
PCLCO1,PCL CONSTRUCTORS  WESTCOAST,310 - 13911 WIRELESS WAY RICHMOND  BC V6V 3B9,6042415200,2020-01-23 10:43:12,49.172154,-123.0701461
QUINT1,QUINTON CONSTRUCTION LTD.,350 - 1275 WEST 6TH AVENUE VANCOUVER  BC V6H 1A6,6046810777,2018-02-07 10:23:54,49.265441,-123.111945
RWLOG,TERRAMAX LOGISTICS CORP.,101 - 19110 24 AVENUE SURREY  BC V3Z 3S9,6043853381,2018-08-28 10:25:48,49.0454601,-122.796896
MENZIE,MENZIES AVIATION (CANADA) LTD.,3611 JERICHO ROAD RICHMOND  BC  V7B 1M3,6048303355,2018-08-22 11:33:25,49.188985,-123.159664
RHINOW,RHINO WRAP & SCAFFOLDING SERVICES INC.,11281 150 STREET SURREY  BC  V3R 4E1,7788759033,2019-08-30 13:28:19,49.207559,-122.806537
HYLOFT,HYLOFT MANAGEMENT (2015) LTD.,200 - 1111 WEST GEORGIA STREET VANCOUVER  BC  V6E 4S4,6043076228,2019-07-03 16:58:24,49.2861686,-123.1231213
KAREEA,KARE EARTHWORKS LTD.,9311 RIVER DRIVE RICHMOND  BC  V6X 1Z1,6048347999,2019-10-21 10:30:48,49.1986768,-123.1200899
INDFLO,INDUSTRIAL FLOOR SYSTEMS,1546 DERWENT WAY  UNIT 209B DELTA  BC  V3M 6M4,7806281850,2019-07-24 16:08:04,49.161661,-122.9629579
PHANTO,PHANTOM MFG (INT'L) LTD.,30451 SIMPSON ROAD ABBOTSFORD  BC  V2T 6C7,6048553654,2019-07-08 09:06:12,49.046964,-122.3790369
FROUDE,FROUDE MANAGEMENT INC.,1007 - 1028 BARCLAY STREET VANCOUVER  BC  V6E 0B1,6043683403,2019-07-10 09:50:53,49.2821013,-123.1258641
NEWELE,NEW ELEVATION CIVIL CONSTRUCTION INC.,1029 RIDGEWAY AVENUE COQUITLAM  BC  V3J 1S6,6043190151,2019-09-09 10:20:02,49.2499391,-122.8652242
SEABOR,SEABORN ENTERPRISES,79 EAST KENT AVENUE NORTH VANCOUVER  BC  V5X 2X5,6043247166,2019-07-24 13:22:25,49.2072729,-123.1055327
UNIONO,UNION OF BC INDIAN CHIEFS,401 - 312 MAIN STREET VANCOUVER  BC  V6A 2T2,6049928849,2019-07-26 08:29:23,49.281052,-123.1001272
FIRSTO,FIRST ON SITE RESTORATION LIMITED,60 ADMIRAL BLVD MISSISSAUGA  ON  L5T 2W1,6044361440,2020-03-04 16:37:16,43.64398,-79.7001075
1CAPWE,CAP WEST FORMING LTD.,200 - 1010 SEYMOUR ST VANCOUVER  BC V6B 0G1 AMVIA LOUTIT,6046027711,2019-08-14 10:43:33,49.27833829999999,-123.1221443
DARLAR,DARRYL LARSON,1202 - 980 COOPERAGE WAY VANCOUVER  BC DARRYL LARSON,6046717806,2019-08-14 15:27:20,49.27355800000001,-123.1140189
PEAKC2,PEAK CONSTRUCTION 1876 LTD.,310 - 2626 CROYDON DRIVE SURREY  BC  V3Z 0S8,6045316998,2019-09-09 14:52:25,49.049497,-122.787866
SHOWMA,SHOWMAX RENTALS INC.,8388 PRINCE EDWARD STREET VANCOUVER  BC  V5X 3R9,6046394629,2019-08-26 11:43:49,49.2081543,-123.0980998
REDDAL,REDDALE CONSTRUCTION (ELLIOTT) LTD.,#105 - 3550 MT. LEHMAN ROAD ABBOTSFORD  BC  V2T 2M9,6048509680,2019-10-11 12:22:33,,
STARCO,STAR CONCRETE FLOOR TREATMENTS,4 - 2116 25TH AVENUE NE CALGARY  AB  T2E 6Z4,4032872388,2019-09-27 14:42:40,51.0752907,-114.0098531
AURORA,AURORA ROOFING LM LTD.,UNIT 7 - 19427 92 AVENUE SURREY  BC  V4N 4G6,6043813222,2019-09-25 13:34:21,49.17058489999999,-122.6838127
ROCKYM,ROCKY MOUNTAINEER RAILTOURS,1755 COTTRELL STREET VANCOUVER  BC  V6A 2L8,6043684792,2019-10-25 14:04:26,49.2687726,-123.0845319
OMEGAS,OMEGA STEEL INC.,2233 TSAWWASSEN DR. TSAWWASSEN  BC  V4M 4G2,6043291527,2019-10-30 08:39:23,49.0433533,-123.1023969
CREWLO,CREW & LOGISTICS LTD.,500 KEELE STREET  #105 TORONTO  ON  M6N 3C9,6043650203,2019-11-19 11:35:20,,
GBSCON,GBS CONSTRUCTION MANAGERS INC.,7441 LOWLAND DRIVE BURNABY  BC V5J 5A8,6043178100,2018-08-22 13:36:19,49.1914561,-122.9953114
MORNST,MORNINGSTAR HOMES LTD.,946 BRUNETTE AVENUE COQUITLAM  BC  V3K 1C9,6045210038,2019-07-30 00:00:00,49.2370804,-122.8691807
SERVIC,SERVICEMASTER OF FRASER VALLEY,33557 MACLURE ROAD ABBOTSFORD  BC  V2S 7W1,6048528086,2019-09-27 11:32:29,49.05923139999999,-122.2950233
WESTNE,WEST COAST NEURO HEALTH CLINIC,101 - 3088 CROYDON DRIVE SURREY  B.C.  V3Z 0T1,6045608811,2019-09-30 08:34:33,49.0578143,-122.7991576
ECOCON,ECO CONSTRUCTION INC.,851 MILLCREEK ROAD NELSON  B.C.  V1L 6P9,7809912708,2019-09-30 09:32:19,49.598521,-117.050824
ZENTER,ZENTERRA MURRAYVILLE LP,216 - 2630 CROYDON DRIVE SURREY  BC  V3Z 6P3,7789452050,2019-12-04 11:54:08,49.0498427,-122.7889403
WESTPO,WESTPORT MANUFACTURING CO. LTD.,1122 S.W. MARINE DRIVE VANCOUVER  B.C.  V6P 5Z3 TERRY BALFOUR,6042619326,2019-11-13 15:17:59,49.20305519999999,-123.1323728
BARBER,BARBER PROSTHETICS CLINIC,INC. 540 SE MARINE DRIVE VANCOUVER  BC  V5X 2T4,6043211115,2019-10-30 13:21:45,49.210788,-123.09354
LUMANA,LU'MA NATIVE BCH HOUSING SOCIETY,2960 NANAIMO STREET VANCOUVER  BC  V5N 5G3,6042095803,2019-11-25 08:17:51,49.2573689,-123.0561191
CXPCEN,CXP CENTENNIAL EXPANSION PARTNERS,851 CENTENNIAL ROAD VANCOUVER  BC  V6A 1A3,6048809929,2019-11-04 16:30:47,49.2838659,-123.0854973
SUITES,SUITE SUCCESS,3541 WEST 14TH AVENUE VANCOUVER  BC  V6R 2W3,2369995961,2019-10-30 09:04:29,49.2598998,-123.1829337
GTRASO,G. TRASOLINI CONTRACTORS LTD.,908 SHERWOOD AVENUE COQUITLAM  BC  V3K 1A6,6047617410,2019-11-01 14:35:22,49.235681,-122.8722075
BOXSCO,BOXSCOOP DESIGNS INC.,1806 - 8333 ANDERSON ROAD RICHMOND  BC  V6Y 0E2,6043154821,2019-10-25 11:50:41,49.1633969,-123.1311539
SHININ,SHINING METAL TRADING INC.,UNIT 107  6951 72ND STREET SURREY  BC  V4G 0A2,6049409638,2019-11-01 14:35:45,49.12966050000001,-123.0274593
FWSCON,FWS CONSTRUCTION LTD.,UNIT 334 - 17 FAWCETT ROAD COQUITLAM  BC  V3K 2V6,7788690854,2019-12-06 12:03:56,49.22263299999999,-122.8336276
WESTBU,WEST COAST BUILDING RESTORATION INC.,20120 STEWART CRESCENT MAPLE RIDGE  BC  V2X 0T4,7786284600,2019-12-17 12:46:39,49.2135968,-122.6619577
KERRCO,KERR CONSTRUCTION,1676 W 75TH AVENUE VANCOUVER  BC  V6P 6G2,6042630343,2019-12-02 15:45:27,49.2054009,-123.1466807
ELEVAT,ELEVATE CONSTRUCTION AND MANAGEMENT,309 - 1111 LYNN VALLEY ROAD NORTH VANCOUVER  BC  V7J 3V4,6042403725,2019-12-06 11:08:38,49.3342295,-123.0428335
TRAINE,TRAINE CONSTRUCTION & DEVELOPMENT LTD.,500 - 1708 DOLPHIN AVENUE KELOWNA  BC,2508012673,2019-12-09 15:02:38,49.8796232,-119.4587995
PUROLA,PUROLATOR INC.,2727 MEADOWPINE BOULEVARD MISSISSAUGA  ON L5N 8C7,8003264963,2020-02-14 15:31:53,43.6023502,-79.7859744
NEILSM,NEIL SMITH CONSTRUCTION,#2 - 130 ENGLISH BLUFF ROAD DELTA  BC  V4M 2M8,7782296444,2019-12-04 15:44:20,,
TEST,TEST - DO NOT USE,,,2017-06-28 11:48:37,,
999999,Working Elsewhere,240 - 111 West Hastings Vancouver,,2018-10-16 13:28:17,49.28372239999999,-123.1116848
FAIRFI,FAIRFIELD PROFESSIONAL BUILDING,32207 GOLDEN AVENUE ABBOTSFORD  BC  V2T 5C5,6042170334,2019-12-02 00:00:00,49.0650266,-122.3325113
GRECAN,THE GREAT CANADIAN LANDSCAPING CO. LTD,118 GARDEN AVENUE NORTH VANCOUVER  BC V7P 3H2,,2020-01-10 12:17:41,49.31702989999999,-123.1181332
CMGT1,CMGT CONSTRUCTION GROUP LTD.,110 - 8828 HEATHER STREET VANCOUVER  BC  V5P 3S8,6042222622,2020-01-03 15:27:37,49.206252,-123.1222682
NOTACO,NOTACO HOLDINGS INC./ESCENTS,2214 VAUXHALL PLACE RICHMOND  BC  V6V 1Z9,6044468149,2020-01-23 11:07:01,49.1960491,-123.0866864
THEBES,THE BEST SHOP (VHM IMPORT),UNIT 960  5300 NO.3 ROAD RICHMOND  BC  V6X 2X9,7783165825,2020-01-17 10:53:45,49.1755152,-123.1324696
RAICOR,RAICOR CONTRACTING LTD,2225 HARTLEY AVENUE COQUITLAM  BC  V3K 1W9,6046905755,2020-02-03 16:55:52,49.226042,-122.833423
PROSNO,PRO SNOW SOLUTIONS,34906 ACKERMAN COURT ABBOTSFORD  BC  V2S 8J9,6048357669,2020-02-05 16:37:10,49.034184,-122.2580051
XYPEXC,XYPEX CHEMICAL CORPORATION,13731 MAYFIELD PLACE RICHMOND  BC  V6V 2G9,6042735265,2020-01-27 12:48:07,49.1821875,-123.0722102
MATCON,MATCON DEMOLITION LTD.,2208 HARTLEY AVENUE COQUITLAM  BC  V3K 6X3,7789189304,2020-02-28 16:40:27,49.225541,-122.83358
SEARAY,SEARAY FOODS INC.,6511 GRAYBAR RD RICHMOND  BC V6W 1H3,6043038788,2020-02-03 16:12:00,49.1666556,-122.9903504
TRADEX,TRADEX TOURISM ABBOTSFORD SOCIETY,1190 CORNELL STREET ABBOTSFORD  BC  V2T 6H5,6045571478,2020-01-28 10:32:36,49.0240436,-122.3813333
AEGEAN,AEGEAN HOME SERVICES LTD.,220 EAST 45TH AVENUE VANCOUVER  BC  V5W 1X1,6043526383,2020-03-23 08:57:08,49.229153,-123.1007318
POWDRY,POWER DRYWALL (2005) LTD.,19855 98TH AVENUE LANGLEY  BC V1M 2X5,6046264900,2020-03-09 14:14:18,49.1809483,-122.6730368
ATHOUL,ATHOULA CONSTRUCTION LTD.,373D - 13988 CAMBIE ROAD RICHMOND  BC  V6V 2K4 BABBU,6047258171,2020-03-04 14:41:41,49.1839743,-123.0697486
CURVEC,CURVE CONSTRUCTION INC.,401 - 850 WEST HASTINGS STREET VANCOUVER  BC  V6C 1E1 RUKAYA ASHOUR,,2020-02-24 13:43:19,49.2837414,-123.110821
ECONOS,ECONOSPAN STRUCTURES CORP.,472 VLA ROAD CHASE  BC V0E 1M0,,2020-03-09 13:31:02,50.8202632,-119.6992977
GLOBA2,GLOBAL CONVENTION SERVICES LTD.,PO BOX 2329 SAINT JOHN  NB  E2L 1Y5,6043538442,2020-03-09 17:28:18,45.2665739,-66.0538796
LODAM,LODAM CONSTRUCTION,PO BOX 2502 STATION A ABBOTSFORD  BC  V2T 6R3,6045573865,2020-03-23 16:44:04,49.038448,-122.3562198
DUFFYB,DUFFY BAKER CONTRACTING,1277 COMMERCIAL WAY PENTICTON  BC  V2A 3H4,2504600326,2020-03-23 16:43:30,49.4812508,-119.5658707
IRONM1,IRON MOUNTAIN CONSTRUCTION GROUP LTD.,3936 GALER WAY PORT COQUITLAM  B.C.  V3B 2R2,6047634648,2018-02-07 10:11:46,49.2826928,-122.7639559
ATSTO,A.T. STORRS LTD.,1353 EAST PENDER STREET VANCOUVER  BC V5K 1V7,6047343211,2018-08-22 10:02:06,49.28060929999999,-123.0759288
RESSHO,THE RESTORATION SHOP - USE RESTOR,,,2020-03-09 09:53:15,,
PANCO1,PANTERA CONSTRUCTION LTD.,1625 PETERS ROAD NORTH VANCOUVER  BC V7J 1Y7,6046575693,2018-08-27 15:41:32,49.341264,-123.02923
TRUEMA,TRUE MARK INVESTMENTS,9450 222 STREET LANGLEY  BC   V1M 3T7,6043406816,2018-08-28 10:55:06,49.1741837,-122.6070274
ABBOTK,ABBOT KINNEY CONSTRUCTION MANAGEMENT LTD,101 - 15230 56TH AVENUE SURREY  BC V3S 5K7,6046445545,2019-06-17 14:26:45,49.104095,-122.800186
BCHOTE,BC HOTEL SERVICES LTD.,#529 - 1489 MARINE DRIVE WEST VANCOUVER  BC  V7T 1B8,6043061111,2018-08-22 10:06:56,,
MONDEV,MONDEVO CONTRACTING INC.,483 WEST 16TH AVENUE VANCOUVER  BC V5Y 1Z2,6048002858,2018-08-27 15:24:52,49.25705929999999,-123.1144798
SAJOIN,SAJO INC.,1320 GRAHAM BLVD MOUNT ROYAL  QC  H3P 3C8,5142905756,2018-08-28 10:26:52,45.5167025,-73.6402335
JERMAR,JERMAR DRYWALL LTD.,3224 BEVERLEY CRESCENT ABBOTSFORD  BC   V2S 4M5,7789522177,2018-08-22 15:09:48,49.0605758,-122.2623783
SYNCRA,SYNCRA CONSTRUCTION CORP.,301 - 4180 LOUGHEED HIGHWAY BURNABY  BC  V5C 6A7,6042983303,2019-05-22 10:51:15,49.2653914,-123.0110633
KILLAR,KILLARNEY HOLDINGS,777 WEST 66TH AVENUE VANCOUVER  BC  V6P 2R4,6047283531,2018-09-17 11:34:04,49.2112473,-123.1232692
KDSCON,KDS CONSTRUCTION,16250 20TH AVENUE  SURREY  BC V3S 9M8,6043450870,2017-06-19 16:42:51,49.0382904,-122.772489
KENDAL,KENDAL LIGHTING,#110 - 6780 DENNETT PLACE DELTA  BC V4G 1N4,,2018-08-22 15:16:25,,
KERRIS,KERRISDALE TOOL,6103 WEST BOULEVARD  VANCOUVER  BC V6M 3X3,6042668393,2017-06-19 16:43:06,49.2307563,-123.1558656
ILEVEL,iLEVEL MANAGEMENT INC,2001-38 DAN LECKIE WAY TORONTO  ON  M5V 2V6,4163420213,2018-08-22 14:09:17,43.6373952,-79.3978822
KINET1,KINETIC CONSTRUCTION,15 -10551 SHELLBRIDGE WAY  RICHMOND  BC  V6X 2W8,6047246702,2018-08-22 15:17:31,49.1866458,-123.1048032
KINET3,KINETIC EVENTS,183 TERMINAL AVE  VANCOUVER  BC V6A 4G2,,2017-06-19 17:06:13,49.2732445,-123.1012136
KINLOC,KINLOCH CONSTRUCTION LTD,3076 ADANAC STREET  VANCOUVER  BC V5K 2N7,7788857897,2017-06-19 17:06:29,49.2771525,-123.0396728
KITCH1,KITCHENER HOMES,1667 KITCHENER ST  VANCOUVER  BC V5L 2W1,7789687467,2019-03-25 10:25:01,49.2722222,-123.0705497
LEDCO1,LEDCOR CONSTRUCTION LTD.,500 - 1055 W. HASTINGS STREET VANCOUVER  BC V6E 2E9,6046817500,2020-02-12 09:42:09,49.284081,-123.1122382
LITTL1,LITTLE STAR,1480 BOUNDARY ROAD BURNABY  BC V5K 4T6,6049081357,2018-08-22 15:21:41,49.2717325,-123.0230938
LUCKY2,LUCKY 2A INVESTMENTS,998 THURLOW STREET VANCOUVER  BC V6E 1W6,6045687509,2018-08-22 15:23:10,49.2825526,-123.1274563
MACBET,MACBETH ROOFING,300-1375 WEST 6TH AVENUE  VANCOUVER  BC V6H 4A3,,2017-06-19 17:07:51,49.2664452,-123.1354264
MACLE1,MACLEOD BUILDERS,#2103 -  4416  64 AVENUE SE  CALGARY  AB T2C 2B3,,2018-02-07 10:15:33,,
MAERSK,MAERSK,8400 RIVER ROAD  DELTA  BC V4G 1B5,,2017-06-19 17:07:59,49.1496368,-122.9888278
MAGNOL,MAGNOLIA TREE SERVICE & LANDSCAPING,4451 SORENSON CRESCENT  RICHMOND  BC V6X 2V6,6047207477,2017-06-19 17:08:07,49.180646,-123.1263481
MANLE1,MANLEY DESIGN & CONSTRUCTION MANAGEMENT,101- 5967 206A STREET  LANGLEY  BC  V3A 8M1,6042023587,2018-08-22 15:27:12,49.1095578,-122.6516376
MANNIN,MANNING ELLIOTT LLP,11TH FL  1050 W. PENDER STREET VANCOUVER  BC V6E 3X7,,2018-08-22 15:33:26,49.2869867,-123.1194964
MARAIN,MARA INDUSTRIES,,,2017-06-19 17:08:25,,
MARCO3,MARCON GROUP,5645 - 199TH STREET  LANGLEY  BC V3A 1H9,6048351119,2019-05-22 10:51:02,49.1053148,-122.6714487
MARRCO,MARR CONTRACTORS LTD.,3689 TRINITY ST.  VANCOUVER  BC V5K 1G5,6042991462,2017-06-19 17:08:48,49.2899825,-123.0240597
MATRAC,MATRA CONSTRUCTION INC.,3909 CHARLES ST  BURNABY  BC V5C 5S7,,2017-06-19 17:08:52,49.2731832,-123.0182714
MCLARE,MCLAREN,200 - 649 HELMCKEN STREET VANCOUVER  BC V6B 5R1,,2018-08-22 15:36:48,49.278074,-123.1242749
METROC,METRO CAN CONSTRUCTION (PE) LTD,UNIT 520  10470 - 152 STREET SURREY  BC  V3R 0Y3,6045831174,2020-01-08 11:21:52,49.1927423,-122.800336
MIERAU,MIERAU CONTRACTORS,201-30444 GREAT NORTHERN AVE ABBOTSFORD  BC V2T 6Y6,,2018-08-22 15:40:51,49.0504131,-122.3800029
MISSIO,MISSION POSSIBLE,543 POWELL ST  VANCOUVER  BC V6A 1G8,6042534469,2017-06-19 17:12:05,49.2833216,-123.0923441
MITCH1,MITCHELL & ASSOCIATES,204-8667 MONTCALM STREET  VANCOUVER  BC V6P 4P9,7782884774,2017-06-19 17:12:01,49.20774489999999,-123.1366144
MLENV1,ML ENVIRO ROOFING,739-8623 GRANVILLE ST  VANCOUVER  BC V6P 5A2,6043399498,2017-06-19 17:11:53,49.2081904,-123.1409042
MONARC,MONARCH FLOORING,#200-4363 DAWSON ST.  BURNABY BC V5C4B4,,2017-06-19 17:11:41,,
NASCO1,NASCO STAFFING SOLUTIONS,205 - 128 W PENDER STREET VANCOUVER BC  V6B 1R8,6046832512,2018-09-24 12:20:00,49.2815812,-123.1100452
NEWFOR,NEWFORM CONSTRUCTION LTD.,2712 163A St SURREY  BC; V3Z 6R8,7788858456,2018-03-21 12:04:40,49.0512316,-122.7694821
NOBLE1,NOBLE CORPORATION,200 - 4308 DAWSON STREET  BURNABY  BC V5C 4B6,6042941012,2018-02-07 10:19:33,49.2643182,-123.0084734
NORTH1,NORTHERN TOUCH LANDSCAPING,1111 - 14TH STREET WEST NORTH VANCOUVER  BC V7P 1J9,6043137869,2017-11-06 15:48:35,49.32102219999999,-123.1053994
NORTH2,NORTHMARK MECHANICAL SYSTEMS,103 - 8410 ONTARIO STREET VANCOUVER  BC V5X 4S6,6047156381,2018-11-20 14:16:45,49.2075182,-123.10624
OCEAN1,OCEAN WEST CONSTRUCTION LTD.,628 WEST 12TH AVE  VANCOUVER  BC V5Z 4P5,6048300515,2017-06-19 17:10:16,49.2601758,-123.1183251
OMICR1,OMICRON CONSTRUCTION LTD,595 BURRARD STREET VANCOUVER  BC  V7X 1L4,6046323350,2018-02-07 10:20:01,49.2860783,-123.1195179
INDGLA,INDUSTRIAL GLAZING,9678 - 284 STREET MAPLE RIDGE  BC  V2W 1L2,6048153769,2018-08-22 14:10:32,49.177921,-122.434088
ONNIC1,ONNI GROUP,200 - 1010 SEYMOUR STREET VANCOUVER  BC  V6B 3M6,6046027711,2019-12-09 10:40:00,49.27833829999999,-123.1221443
MERCRO,MERCROFT CONSTRUCTION LTD.,3116 - 1225 KINGSWAY AVENUE PORT COQUITLAM  BC  V3C 1S2,7782166666,2018-08-22 15:37:13,49.24776110000001,-122.7439736
TESLAM,TESLA MOTORS CANADA ULC,1712 POWELL STREET VANCOUVER  BC  V5L 1H7,7787928599,2019-09-25 17:32:20,49.2837439,-123.0695783
OPTOS1,OPTO SECURITY INC.,420 - 1280 BOULEVARD LEBOURGNE QUEBEC  QC G2K 2G2,5819943534,2018-02-07 10:20:42,46.836372,-71.2966708
PACIFE,PACIFEX CONTRACTING LTD.,13341 58B AVE  SURREY  BC V3X 2N7,,2017-06-19 16:58:06,49.10938489999999,-122.8542632
PACIF1,PACIFIC EDGE LANDSCAPING SOLUTIONS,12653 14B AVENUE  SURREY  BC V4A1J7,6048381400,2017-06-19 16:59:06,49.0292815,-122.8714184
PACIF4,PACIFIC SOLUTIONS CONTRACTING,220 PRIOR ST  VANCOUVER  BC V6A 2E5,,2018-08-27 15:40:31,49.2764833,-123.0984656
PANTH1,PANTHER CREATIVE INC.,112-1533 BROADWAY STREET PORT COQUITLAM  BC V3C 6P3,6046811298,2018-07-23 09:46:53,49.2427377,-122.76457
PEAKC1,PEAK CONCRETE CUTTING & CORING,PO BOX 888 SQUAMISH  BC  V8B 0A6,6043154832,2019-08-19 15:00:53,49.6989762,-123.152538
PERFO1,PERFORMANCE CONSTRUCTION,1150 - 21331 GORDON WAY RICHMOND  BC V6W 1J9,,2019-05-22 16:09:31,49.167799,-122.9879599
VANPRO,VANCOUVER PROSTYLE CONTRACTORS LTD.,150 - 19950 - 88TH AVENUE LANGLEY  BC  V1M 0A5,7783896506,2018-08-28 11:04:40,49.1653607,-122.6693142
CANFOR,CANADIAN FOREST PRODUCTS LTD.,100 - 1700 WEST 75TH AVENUE VANCOUVER  BC  V6P 6G2,6046615282,2018-11-02 17:18:07,49.205866,-123.147707
PERKI1,PERKINS CONSTRUCTION,1520 RAND AVENUE  VANCOUVER  BC V6P 3G2,6043884310,2017-06-19 16:56:45,49.2045807,-123.141833
PINIO1,PINION PINE DESIGN,2-851 KEEFER ST  VANCOUVER  BC V6A 1Y8,7789953990,2018-02-07 10:22:34,49.2793328,-123.0860285
PINNA1,PINNACLE INTERNATIONAL,300 - 911 HOMER ST  VANCOUVER  BC V6B 2W6,6048345838,2017-06-19 16:56:27,49.277702,-123.119358
PRIST1,PRISTINE GREEN LANDSCAPING,1348 E. 7TH AVENUE  VANCOUVER  BC V5N 1R7,7787727112,2018-02-07 10:23:26,49.2639785,-123.0764209
PROAC1,PROACTIVE HAZMAT,101 - 9295 198TH STREET LANGLEY  BC V1M 3J9,7782550228,2019-05-07 10:05:40,49.1717455,-122.6750161
RFOUR1,R FOUR CONTRACTING LTD.,7185 11TH AVENUE  BURNABY  BC V3N 2M5,6049682930,2017-06-19 16:55:21,49.2121352,-122.9455471
SCOTT1,SCOTT CONSTRUCTION GROUP,SUITE 1750 - 3777 KINGSWAY  BURNABY  BC V5H 3Z7,,2020-02-03 13:10:09,49.2330268,-123.0221921
CHRIST,CHRIST CHURCH CATHEDRAL,SUITE 1750 - 3777 KINGSWAY  BURNABY  BC V5H 3Z7,6048163135,2018-02-07 09:52:06,49.2330268,-123.0221921
SEKOC1,SEKO CONSTRUCTION,106 - 7088 VENTURE STREET DELTA  BC V4G 1H5,6049992311,2018-08-28 10:30:00,49.1309249,-123.021685
SPORT1,SPORTS FLEET VENTURES INC,2016 ONTARIO ST  VANCOUVER  BC V5T 2W7,7782297760,2017-06-19 16:52:24,49.2670946,-123.1045142
SOLEFO,SOLE FOODS,#210 - 128 WEST HASTINGS ST VANCOUVER  BC  V6B 1G8,7782289566,2018-08-28 10:35:08,,
SSE000,SSE,208 - 2990 BOULDER STREET ABBOTSFORD  B.C.  V2T 3P8,6048557566,2018-08-28 10:42:14,49.0561491,-122.3285554
STAGEF,STAGEFAB CUSTOM MANUFACTURING ,201-7475 HEDLEY AVENUE  BURNABY  BC V5E 2P7,6044321051,2017-06-19 16:52:03,49.2158439,-122.9679605
STARWO,STARWORKS,276 SW MARINE DR  VANCOUVER  BC BC V5X 2R5,6048798457,2017-06-19 16:51:53,49.210857,-123.1119509
STRAIG,STRAIGHT EDGE,1031 CALEDONIA AVENUE  NORTH VANCOUVER  BC V7G 1T4,,2017-06-19 16:51:10,49.3162998,-122.9526702
STUAR1,STUART OLSON DOMINION,300 - 13777 COMMERCE PKWY RICHMOND  BC V6V 2X3,6043137597,2018-08-28 10:46:08,49.1764871,-123.0713622
SUGOI0,SUGOI ,144 EAST 7TH AVENUE  VANCOUVER  BC V5T 1M6,6048750887,2018-02-07 10:29:11,49.26450519999999,-123.1018271
SUNWES,SUNWEST DRYWALL & STUCCO (2002),15120 SPENCER CRT  SURREY BC V3S 5Z8,,2017-06-19 16:50:33,49.1566988,-122.8041332
SYNLA1,SYNLAWN WEST COAST,21650 50B AVE  LANGLEY  BC V3A 8W8,7782462209,2018-07-10 14:57:34,49.0943124,-122.6231861
TAKTC1,TAKT CONSTRUCTION SERVICES LTD,1349 MATHERS AVE  WEST VANCOUVER  BC V7T 2G5,7788707221,2017-06-19 16:50:17,49.3387,-123.1526351
TCSCON,TCS CONSTRUCTION,918  BURNABY ST  VANCOUVER  BC V3L 4W1,,2017-06-19 16:50:10,49.2785081,-123.1304222
TECKRE,TECK RESOURCES LIMITED,3300 - 550 BURRARD ST VANCOUVER BC V6C 3A8,,2018-08-28 10:50:06,49.2858307,-123.1185085
THEFAB,THE FAB GROUP,1638 WEST 1ST AVENUE  VANCOUVER  BC V6J 1G1,,2017-06-19 16:48:52,49.2704628,-123.1417334
THERES,THE RESET TEAM,95 MURAL STREET  RICHMOND HILL  ON L4B 3G2,,2017-06-19 16:48:45,43.8620629,-79.3809606
TSRPRO,TSR PROPERTY SERVICES LTD.,280 RICHARDS STREET  VANCOUVER BC V6B 4Y2,6048416044,2017-06-19 16:46:52,49.2843804,-123.111387
VANCIT,VANCITY CREDIT UNION,183 TERMINAL AVENUE  VANCOUVER  BC V6A 4G2 BELINDA,6047082859,2018-02-13 12:02:56,49.2732445,-123.1012136
VANCO1,VANCOUVER GIANTS,100 NORTH RENFREW STREET  VANCOUVER  BC V5K 3N7,,2018-08-28 11:02:25,49.285843,-123.0426334
VANCO2,VANCOUVER HOME DEPOT 7042,900 TERMINAL AVE  VANCOUVER  BC V6A 4G4,,2018-08-28 11:03:09,49.2685874,-123.0835506
VENTA1,VENTANA CONSTRUCTION,3875 HENNING DR  BURNABY  V5C 6N5,6042919000,2019-07-09 13:22:09,49.2642527,-123.0193335
VILLAE,VILLA ELECTRIC (1980) LTD,UNIT 3 - 5492 PRODUCTION BLVD SURREY   BC V3S 8P5,,2018-08-28 11:15:53,49.1021309,-122.6812638
WALMCL,WALES MCLELLAND CONSTRUCTION COMPANY (1988) LTD.,6211 FRASERWOOD PLACE RICHMOND  BC V6W 1J2,6049925663,2019-07-17 12:38:52,49.1690614,-122.984376
CHAMIR,CHAMPION IRONWORKS BC LTD.,700 - 26310 FRASER HWY ALDERGROVE  BC  V4W 0A6,7788783674,2018-08-22 10:45:08,49.05974,-122.49514
HELPSP,HELPING SPIRIT LODGE SOCIETY,3965 DUMFRIES STREET VANCOUVER  BC V5N 5R3,6048746629,2018-08-22 14:00:56,49.2498454,-123.0735448
VANUMB,VANCOUVER UMBRELLA INC.,12240 HORSESHOE WAY  UNIT 7 RICHMOND  BC  V7A 4X9,6042773805,2018-08-28 11:05:18,49.123611,-123.0993205
KAMEAC,KAMEA CONTRACTING LTD.,1500 - 701 WEST GEORGIA STREET VANCOUVER  BC  V7Y 1G5,7788361273,2019-09-18 15:50:04,49.2833984,-123.117535
POLWES,POLWEST WINDOW & DOOR INSTALLATION LTD.,1320 CAMPION LANE PORT MOODY  BC  V3H 4B1,6047258101,2018-08-29 15:44:42,49.291838,-122.821584
WALBUR,WALBURG CONTRACTING LTD.,201 WARRICK STREET  COQUITLAM  BC V3K 6C1,6042291509,2017-06-19 16:44:54,49.2353226,-122.8298831
POWELL,POWELL STREET FESTIVAL SOCIETY,410 - 111 W. HASTINGS STREET VANCOUVER  BC  V6B 1H4,6047399388,2018-08-28 07:54:11,49.2834753,-123.1113862
WELLIN,WELLINGTON,101 - 1399 FOUNTAIN WAY VANCOUVER  BC V6H 3T3,,2018-08-28 11:18:37,49.2678375,-123.1351629
WESBAN,WESBANG CONSTRUCTION LTD,SUITE 505  8248 LANSDOWNE ROAD RICHMOND   BC. V6X 3Y9,6047677918,2018-08-28 11:19:32,49.1733696,-123.1330029
MARSHD,MARSH DESIGNS,201 - 1500 MARINE DRIVE NORTH VANCOUVER  BC  V7P 1T7,6044350710,2018-08-22 15:35:18,49.3241846,-123.1150197
WESTYO,WEST YORK DEVELOPMENTS,1119 - 808 NELSON ST VANCOUVER  BC V6Z 2H1,6048342472,2019-07-25 13:26:26,49.2831396,-123.1285778
WESTWO,WESTWOOD MECHANICAL,1016 JAY CRESCENT SQUAMISH  BC V8B 0P2,,2018-08-28 11:26:14,49.7477469,-123.1185031
WHITEW,WHITEWATER CONCRETE LTD.,145 GOLDEN DRIVE  COQUITLAM  BC V3K 6T1,7788472479,2019-06-17 14:33:22,49.2334429,-122.8216899
DISPKI,DISPOSAL KING LTD,13280 MITCHELL ROAD RICHMOND  BC V6V 1M7,7789392416,2018-08-22 10:57:09,49.2044426,-123.0762347
IMPARK,IMPARK,300 - 9940 LOUGHEED HWY BURNABY  BC  V3J 1N3,6044206446,2019-12-16 15:40:47,49.24563329999999,-122.8938414
FOURT1,FOURTH-RITE CONSTRUCTION,2609 PROGRESSIVE WAY  ABBOTSFORD  BC V2T 6H8,6048507684,2018-02-07 10:07:08,49.0499391,-122.3769055
LARKG1,LARK GROUP,1500 - 13737 96TH AVE SURREY  BC V3V 0C6,6043085708,2018-08-22 15:19:50,49.177373,-122.842668
PATHG1,PATH GENERAL CONTRACTING,21137 92A AVENUE  SURREY  BC V1M 2C2,7788996134,2017-06-19 16:57:15,49.17094119999999,-122.7585767
ZWILL1,ZWILLING HENCKELS,435 COCHRANE DRIVE  MARKHAM  ON L3R 9R5,6043667464,2018-02-07 10:37:37,43.842543,-79.3625718
ANDRE1,ANDREW LYNCH,455 WEST 18TH AVENUE  VANCOUVER  BC V5Y 2A9,,2017-07-10 16:27:09,49.255073,-123.113663
GREEVE,GREEN EVENT SERVICES,2206A 4TH STREET CALGARY  AB T2S 1W9,5872250077,2018-08-22 13:42:12,51.0331866,-114.0712679
SIGNAT,SIGNATURE WOODWORKING INC.,50012 RANGE ROAD 230 LEDUC COUNTY  EDMONTON AB  T0V 3M3,7809840642,2018-08-28 10:31:35,53.2836218,-113.2205863
METAEY,META EYEWEAR,200 - 1356 FRANCES STREET VANCOUVER  BC  V5L 1Z2,2508823775,2018-08-22 15:39:05,49.2793536,-123.0760547
PORTWA,PORTSIDE WAREHOUSING,16068 PORTSIDE RD RICHMOND  BC  V6W 0A1,6042799660,2018-08-28 07:52:29,49.15235329999999,-123.0374999
VASTOB,VASTO BUILDERS INC.,7750 LAWRENCE DRIVE BURNABY  BC  V5A 3M7,7788630406,2019-01-28 15:17:33,49.25980999999999,-122.941079
JONET1,JONET CONSTRUCTION LTD.,P.O. BOX 2084  ABBOTSFORD  BC V2T 3T8,6048545700,2018-02-07 10:12:40,49.038448,-122.3562198
ADSOU1,AD SOUTH TOWER DEVELOPMENT LP,OAK AND 14TH AVENUE   VANCOUVER  BC V6B 0N8,6046331723,2017-07-10 16:26:06,49.258739,-123.1267995
WALLF1,WALL - DO NOT USE,,,2018-08-28 11:17:29,,
VILLA1,VILLA ROOFING & SHEET METAL LTD,#103 - 8380 ST. GEORGE STREET VANCOUVER  BC  V5X 3S7,,2018-02-07 10:35:58,,
CIRCA1,CIRCADIAN,201-1312 KETCH COURT COQUITLAM  BC V3K 6W1,6043573712,2018-02-07 09:52:11,49.2274789,-122.8546271
INTRAC,INTRACORP C35 LIMITED PARTNERSHIP,900 - 666 BURRARD STREET  VANCOUVER  BC V6C 2X8,6048017000,2018-02-07 10:11:34,49.28187399999999,-123.124402
RMGFO1,RMG FORMWORK (2015) LTD.,4201 LOUGHEED HWY  BURNABY  BC V5C 3Y6,6042972110,2018-02-07 10:26:05,49.2676115,-123.0106754
SHAWNP,SHAWN PETTERSEN,715 KEEFER STREET VANCOUVER  BC  V6A 1Y6,6049708824,2017-09-06 16:11:33,49.279521,-123.0891228
DOLMAN,DOLMAN BRANDT POOLS LTD.,102 - 5735 HAMPTON PLACE VANCOUVER  BC  V6T 2G8,6049284375,2018-08-22 10:59:04,49.2585987,-123.2350083
SPOTO1,SPOT ON SERVICES INC.,3219 ROYAL AVENUE  NORTH VANCOUVER  BC V7K 1Y7,,2017-06-19 16:52:20,49.3383937,-123.0547659
GWPROP,GW PROPERTY SERVICES LTD,303 WEST 5TH AVENUE VANCOUVER  BC V5Y 1J6,6043405131,2018-08-22 13:49:31,49.2668381,-123.1113938
INDIAN,INDIAN SUMMER ART SOCIETY,201 - 1880 FIR STREET VANCOUVER  BC  V6J 3B1,6042839172,2018-08-22 14:10:54,49.26948059999999,-123.1409961
XLNTRE,XLNT REMOVAL SERVICES,7924 EDMONDS STREET BURNABY  BC  V3N 1C2,7785510491,2018-08-22 15:59:14,49.2264946,-122.9359256
PERRY1,PERRY RINK,12714 15TH AVENUE  SURREY  BC V4A 1K4,,2017-06-19 16:56:40,49.0296439,-122.8694465
COSEN1,COSENTINO CENTER VANCOUVER,#152  8518 GLENLYON PARKWAY  BURNABY  BC V5J 0B6,,2018-02-07 09:53:07,,
ETHER1,ETHERIDGE HOME RENOVATIONS,2114 PARKER ST  VANCOUVER  BC V5L 2L7,,2018-02-07 10:00:35,49.27548890000001,-123.0613639
QUORU1,QUORUM CONSTRUCTION,5350 272ND STREET  LANGLEY  BC V4W 1S3,,2017-06-19 16:55:41,49.0990651,-122.4699906
IRLCO1,IRL CONSTRUCTION LTD.,683 MOBERLY ROAD  VANCOUVER  BC V5Z 4A4,6043401655,2018-02-07 10:11:40,49.2665588,-123.1199649
AMECC1,AMEC CUTTING & CORING LTD.,650 DERWENT WAY  DELTA  BC V3M 5P8,6044384413,2017-07-10 16:26:52,49.1796745,-122.9297752
AMERE1,AMERESCO CANADA INC.,360 - 2608 GRANVILLE STREET  VANCOUVER  BC V6H 3V3,7787241508,2017-07-10 16:26:56,49.2623439,-123.1383906
GROWCI,GROWING CITY,102 - 326 E. KENT SOUTH VANCOUVER  BC  V5P 2S7,8559326676,2017-08-29 15:43:14,49.208027,-123.0695948
PMCLOG,PMC LOGISTICS INC.,7542 PROGRESS WAY DELTA  BC  V4G 1E9,6049409828,2019-07-30 00:00:00,49.1345438,-123.0153041
FRASRV,FRASERWAY RV,747 CLIVEDEN PLACE DELTA  BC  V3M 6C7,6046363053,2018-08-22 12:32:06,49.1708319,-122.9552556
NAIKOO,NAIKOON CONTRACTING LTD.,302 - 350 EAST ESPLANADE NORTH VANCOUVER  BC  V7L 1A4,7783401566,2019-05-03 16:02:46,49.3083481,-123.0730027
1WEST,1 WEST HASTINGS HOLDING LTD.,788 RICHARDS STREET VANCOUVER  BC  V6B 3A4,6046882300,2018-08-14 09:07:29,49.2804843,-123.1169885
FIRCAN,FIRST CANADA ULC,17535 55B AVE SURREY  BC  V3S 5V2,6045756636,2019-07-30 00:00:00,49.1035195,-122.7367736
POSILI,POSITIVE LIVING FRASER VALLEY SOCIETY,108 - 32883 SOUTH FRASER WAY ABBOTSFORD  BC  V2S 2A6,6048541101,2019-09-25 13:19:35,49.0515687,-122.3130417
ALTOC1,ALTO CONSTRUCTION LTD.,720 - 999 WEST BROADWAY VANCOUVER  BC   V5Z 1K5,6047384455,2019-05-22 16:10:54,49.2636513,-123.1261616
ARTIS1,ARTISAN INTERIOR CONTRACTING,21331 GORDON WAY  RICHMOND  BC V6W 1J9,,2017-06-19 16:05:32,49.1678005,-122.9878654
SEICO1,SEI CONCRETE FORMWORK,949 SHERWOOD AVENUE  COQUITLAM  BC V3K 1A9,,2017-06-19 16:54:11,49.2356411,-122.8695751
VANBR1,VAN BROTHERS FORMING LTD,#7 19102 27TH AVE SOUTH  SURREY  BC V3Z 5T1,,2018-02-07 10:34:07,,
GUILDF,GUILDFORD LODEN GREEN DEVELOPMENT INC,200 - 4308 DAWSON STREET  BURNABY  BC V5C 4B6,6042941012,2017-06-19 16:35:43,49.2643182,-123.0084734
BLACK1,BLACKFISH HOMES,107 - 1305 WELCH STREET NORTH VANCOUVER  BC V7P 1B3,,2018-05-01 09:19:37,49.317108,-123.1109902
GOVANB,GOVAN BROWN CONSTRUCTION,306 WATER STREET  UNIT 1 VANCOUVER  BC  V6B 1B6,6045593433,2019-06-17 14:29:05,49.2842679,-123.1091169
TILTT1,TILT-TECH CONSTRUCTION,320 - 34077 GLADYS AVENUE  ABBOTSFORD  BC V2S 2E8,,2018-02-07 10:31:15,49.0445751,-122.2812178
PACIF2,PACIFIC PROPERTY GROUP INC.,208 - 828 HARBOURSIDE DRIVE NORTH VANCOUVER  BC  V7P 3R9,7788630406,2018-08-27 15:38:40,49.3147283,-123.0956615
RENDI1,RENDITION DEVELOPMENTS INC.,302 - 1220 EAST PENDER STREET VANCOUVER  BC V6A 1W8,,2020-03-23 09:12:02,49.2800498,-123.0964744
EAGLES,EAGLE SHEET METAL LTD.,104 - 408 EAST KENT AVE SOUTH VANCOUVER  BC  V5X 2X7,6043232460,2018-08-22 12:22:35,49.2080085,-123.0694669
TRIUM1,TRIUMPH TRAFFIC,PO BOX 512 MT LEHMAN STATION  ABBOTSFORD  BC V4X 2P7,,2018-02-07 10:31:29,49.0112335,-122.3807709
POLYG1,POLYGON CONSTRUCTION MANAGEMENT,900 - 1333 WEST BROADWAY STREE VANCOUVER  BC V6H 4C2,6048871131,2018-02-07 10:23:02,49.26349399999999,-123.1243701
ELLIS1,ELLISDON CORPORATION,150 - 13775 COMMERCE PARKWAY  RICHMOND  BC V6V 2V4,6042471072,2019-09-12 09:30:04,49.1762837,-123.0723959
CAPEC1,CAPE CONSTRUCTION (2001) LTD.,300 - 68 EAST 2ND AVENUE VANCOUVER  BC  V5T 1B1,6042780912,2019-09-25 09:00:27,49.2690821,-123.1034696
SAFESI,SAFESITE ENVIRONMENTAL INC.,7902 BURDOCK STREET MISSION  BC  V2V 4Y1,7789557233,2018-08-28 10:26:16,49.1458316,-122.3038443
KLSPR1,KLS PROJECTS LTD,15 - 11160 234A STREET MAPLE RIDGE  BC V2W 0B8,,2019-04-16 15:57:06,49.2052872,-122.5721377
BCDRYW,BC DRYWALL INSTALLATIONS LTD.,12140 - 103A AVENUE SURREY  BC  V3V 3G8,7788362076,2018-08-22 10:05:18,49.1903537,-122.8857966
EZEKIE,EZEKIEL - DO NOT USE,10343 240A STREET MAPLE RIDGE  BC  V2W 0G4,6044014697,2018-08-22 12:28:36,49.2077734,-122.5558443
FREEYU,FREE YUMM FOODS,102 - 720 COPPING STREET NORTH VANCOUVER  BC  V7M 3G3,7782383884,2018-08-22 12:32:29,49.3166298,-123.092121
BREAK1,BREAKFAST CLUB OF CANADA,411 - 470 GRANVILLE STREET  VANCOUVER  BC  V6C 1V5,6046852220,2018-08-22 10:25:36,49.2853333,-123.114199
HAEBL1,HAEBLER CONSTRUCTION,46 EAST 3RD AVENUE  VANCOUVER  BC V5T 1C3,,2018-02-07 10:10:18,49.2680344,-123.1035969
PITTM1,PITT MEADOWS PLUMBING & MECHANICAL SYSTEMS,20142 113B AVENUE MAPLE RIDGE  BC V2X 0Y9,6044658622,2020-03-09 17:20:42,49.2086966,-122.6636036
COAST3,COAST TRAFFIC SOLUTIONS,300 - 4180 LOUGHEED HIGHWAY BURNABY  BC  V5C 6A7,6048685570,2019-07-10 11:05:51,49.265405,-123.011037
CLARKP,CLARK PARK PROPERTIES LTD,5645 - 199TH STREET  LANGLEY  BC V3A 1H9,,2017-06-19 16:22:58,49.1053148,-122.6714487
KAMCO1,KAMCON CONSTRUCTION ,998 HARBOURSIDE DRIVE # 12  NORTH VANCOUVER  BC  V7P 3T2,,2018-08-22 15:14:36,,
WESTER,WESTERN CANADIAN FOODS ,#1 - 403 EAST KENT AVENUE VANCOUVER  BC  V5X 4M2,7782273070,2018-06-05 10:43:03,,
GREEN1,GREEN CLEAN ,21709-1424 COMMERCIAL DRIVE   VANCOUVER  BC V5L5G3,,2017-06-19 16:35:20,49.2717299,-123.0693109
SUMOD1,SUMO DEMOLITION ,#580 - 625 HOWE STREET VANCOUVER  BC V6C 2T6,,2018-08-28 10:48:12,,
JOSEPH,JOSEPH REAL PROJECTS,3181 E. 52ND AVENUE VANCOUVER  BC   V5S 1T7,7782357738,2018-08-22 15:13:27,49.2222097,-123.0393081
PARTYW,PARTYWORKS VANCOUVER,13 - 8473 124TH STREET SURREY  BC   V3W 9G4,6045995541,2018-08-28 07:34:13,49.1571139,-122.8793226
RESTOR,RESTORATION SHOP,104 - 366 S.E. KENT AVENUE VANCOUVER  BC  V5X 4N6,6043219651,2018-08-28 08:02:19,49.2080085,-123.0694669
ONESTO,ONESTOP SAFETY SERVICES CORP.,#4 - 99 MORAY STREET PORT MOODY  BC  V3H 3M2,7783719841,2019-07-10 13:41:03,,
HEAVY1,HEAVY INDUSTRIES,4795 NULELUM WAY  TSAWWASSEN  BC V4M 0A6,,2017-06-19 16:39:57,49.0328337,-123.0917609
INSPIR,INSPIRED IMAGE PICTURE COMPANY INC.,1090 EAST GEORGIA STREET VANCOUVER  BC   V6A 2A7,6048747513,2019-03-25 10:16:14,49.2779387,-123.0816826
ANDRE2,ANDREW ROBERTS,307 NEWDALE COURT  NORTH VANCOUVER  BC V7N 3H3,,2017-07-10 16:27:18,49.3513959,-123.0773709
CONTR1,CONTROL PAINTING LTD.,16640 YONGE STREET UNIT 1  NEWMARKET  ON L3X 1A3,,2017-07-10 16:15:13,44.0342106,-79.4756446
CHAMB1,CHAMBERS ELECTRIC,SUITE 101 - 204 CAYER STREET COQUITLAM  BC  V3K 5B1,6045265688,2018-02-07 09:51:56,49.23635789999999,-122.8485008
WILDC1,WILD COAST PRODUCTIONS,14671 BURROWS RD RICHMOND  BC  V6V 1K9,6042485800,2019-07-10 14:38:15,49.1977234,-123.0602381
DHARM1,DHARMESH PATEL,322 6TH AVENUE  NEW WESTMINSTER  BC V3L 1T8,,2018-02-07 09:53:49,49.2144842,-122.9173264
COQINS,COQUITLAM INSULATION LTD.,6416 SUNSHINE COAST HIGHWAY SECHELT  BC   V0N 3A7,6042504406,2018-08-22 10:53:29,49.4675245,-123.7966861
UNOCON,UNO CONCEPTS LTD.,251 CONSUMERS RD #1200 NORTH YORK  ON  M2J 4R3,2895531429,2018-08-28 10:59:02,,
HDBUIL,HD BUILDERS,6746 ACACIA AVENUE BURNABY  BC  V5E 3J7,7786834948,2018-08-22 13:54:52,49.2255924,-122.9495731
KANEXI,KANEX INDUSTRIAL SERVICES,33096 BEST AVENUE MISSION  BC  V2V 2T1,6045391884,2018-08-22 15:15:03,49.1508163,-122.3079348
THINDP,THIND PROPERTIES LTD.,4211 KINGSWAY BURNABY  BC V5H 1Z6,6044517780,2018-08-28 10:53:03,49.2324893,-123.0107308
DORVAL,DOR-VAL MANUFACTURING LTD.,11800 BOUL LAURENTIEN ST-LAURENT  QC,5143367780,2020-03-02 13:11:43,45.5235525,-73.71030739999999
SOLID1,SOLID GROUND CONTRACTING,YUKON & 5TH AVENUE  VANCOUVER  BC V5Y 4B1,6132880292,2018-02-07 10:28:00,35.5067215,-97.76254410000001
NOVISM,NOVIS MAINTENANCE SOLUTIONS LTD.,309 - 5148 48TH AVENUE DELTA  BC  V4K 5B6,6043652908,2020-03-23 12:38:44,49.0899703,-123.080933
WESTFR,WEST FRASER HOLDINGS LTD,13070-115 AVENUNE   SURREY  BC V3R 2T9,6045828500,2019-07-12 09:11:52,49.2107322,-122.8599398
SUNBE1,SUNBELT RENTALS,93 NORTH BEND STREET  COQUITLAM  BC V3K 6N1,,2018-02-07 10:29:42,49.232173,-122.8199694
MOSAIC,MOSAIC AVENUE CONSTRUCTION LTD,500 - 2609 GRANVILLE STREET VANCOUVER  BC  V6H 3H3,7785496545,2018-08-27 15:27:06,49.2624569,-123.1390545
BEACHV,BEACHVIEW DEVELOPMENTS LTD.,305 - 1168 HAMILTON STREET VANCOUVER  BC  V6B 2S2,6047284440,2018-08-22 10:08:43,49.2751929,-123.122024
VANSC1,VANS CANADA,65 E 5TH AVENUE  VANCOUVER  BC V5T 1G7,,2018-08-28 11:04:58,49.26660829999999,-123.1033121
DIVIS7,DIVISION 2 GROUP,10553 120TH STREET  SURREY  BC V3V 4G5 ATTN:  ACCOUNTS PAYABLE,,2020-03-09 09:36:53,49.1945621,-122.8887714
BIRDCO,BIRD CONSTRUCTION GROUP,UNIT 2370-BUILDING 2000 RICHMOND  B.C. V6W 0A5,6042714600,2018-08-22 10:17:56,49.1643684,-122.9880305
VALLVI,VALLEY VIEW MEMORIAL GARDENS,14644 72 AVENUE SURREY  BC V3S 2E7,6045967196,2018-08-28 11:00:41,49.1300731,-122.8178892
BCPLAC,BC PLACE,777 PACIFIC BLVD VANCOUVER  BC  V6B 4Y8,6046613450,2018-08-22 10:08:04,49.276585,-123.1116581
NUCORE,NUCOR ENVIRONMENTAL,#2 - 5250 185A STREET SURREY  BC  V3S 7A4,6045766625,2018-08-27 15:34:37,,
METROV,METRO VANCOUVER ABORIGINAL EXECUTIVE,#4 - 1607 EAST HASTINGS STREET VANCOUVER  BC  V5L 1S7,7789915910,2018-08-22 15:39:36,,
EMBER1,EMBERS STAFFING SOLUTIONS,310 - 111 WEST HASTINGS STREET VANCOUVER  BC V6B 1H4,,2020-03-23 09:42:31,49.2828576,-123.1104233
WORLD1,WORLD CONSTRUCTION,360 FOURNEAU ROAD   PARKSVILLE  BC V9P 2J9,,2017-07-10 17:48:26,49.3016117,-124.2893159
PACIF9,PACIFIC BUILDING ENVELOPE MAINTENANCE LTD,#106-7201 72 STREET  DELTA  BC V4G 1M6,6049406056,2018-02-07 10:20:52,,
BATTI3,BATTISTON HOMES,1217 GORDON AVENUE  WEST VANCOUVER  BC V7T 1R1,6049222122,2018-02-07 09:46:41,49.3325022,-123.1491179
FRESTA,FRESH START RECYCLING & DISPOSAL LTD.,107 - 237 EAST 4TH AVENUE VANCOUVER  BC V5T 4R4,6046376400,2018-09-28 15:49:38,49.2673575,-123.1028789
AIRCOT,AIRCO TRANSPORTATION SERVICES,145 - 4840 MILLER ROAD RICHMOND  BC  V7B 1K7,6042790345,2018-08-22 09:51:10,49.1902455,-123.1729862
SKOOKU,SKOOKUM CATERING INC.,2856 MUNDAY PLACE N. VANCOUVER  BC.  V7N 4L2,7789283463,2018-08-28 10:33:47,49.3343115,-123.0534233
UNITSC,UNITED SCAFFOLD SUPPLY CO. INC.,103 - 5371 REGENT STREET BURNABY  BC  V5C 4H4,6042059989,2018-08-28 10:58:52,49.2585434,-122.9860522
MAINEX,MAINLAND EXTERIOR STUCCO RESTORATIONS INC.,103 - 5371 REGENT STREET BURNABY  BC  V5C 4H4,6042059989,2018-08-22 15:25:40,49.2585434,-122.9860522
WHITCO,DO NOT USE - WHITEWATER CONCRETE,,,2018-08-28 11:26:55,,
SCHULZ,SCHULZ CONSTRUCTION,4230 DOLLAR ROAD NORTH VANCOUVER  BC  V7G 1A6,6047906667,2018-08-28 10:28:12,49.30853579999999,-122.9545422
VANMAR,VANMAR CONSTRUCTORS 1066 INC.,101B  30701 SIMPSON ROAD ABBOTSFORD  BC  V2T 6Y7,6048820700,2019-01-14 10:17:28,49.0470293,-122.3727172
SOUREL,SOURCE ELECTRICAL SERVICES,2409A MAIN STREET WEST WEST KELOWNA  BC  V4T 2H9,2502155078,2018-10-23 15:04:51,49.829399,-119.6260881
METRO1,METROPOLITAN FINE PRINTERS,1435 E PENDER STREET  VANCOUVER  BC V5L 1V7,,2017-06-19 17:12:31,49.2805904,-123.0748277
CRESS1,CRESSEY  (KINGSWAY)  DEVELOPMENT LLP,#200 - 555 WEST 8TH AVENUE  VANCOUVER  BC   V5Z 1C6,6046831256,2018-02-07 10:55:03,,
CWLCO1,CWL CONTRACTING LTD.,104 - 3550 MT. LEHMAN ROAD  ABBOTSFORD  BC V4X 2M9,,2018-03-21 10:20:11,49.0663446,-122.3800698
BARS,BARS PROGRAM,7112 W. JEFFERSON AVE  #312 LAKEWOOD  CO 80235,8775405500,2018-08-22 10:04:19,,
MOTCON,MOTT CONTRACTING,#7 - 900 W. 17TH AVENUE NORTH VANCOUVER  BC  V7P 3K5,7782328870,2018-08-27 15:27:38,,
CHRISL,CHRIS LLOYD CONTRACTING,208 - 607 EAST 8TH AVENUE VANCOUVER  BC  V5T 1T2,6048312624,2018-08-22 10:48:07,49.2636165,-123.1001829
TITANR,TITAN REINFORCING LTD.,2072 SPRINGER AVENUE BURNABY  BC  V5B 3M5,6048687336,2018-08-28 10:53:49,49.26533269999999,-122.9864985
TOWER1,TOWER ROOFING INC.,14 - 6299 144 STREET SURREY  BC V3X 1A2,,2018-08-28 10:54:44,49.1164868,-122.8246481
LUCTRE,LUC TREMBLAY CONTRACTING,1485 LYNN VALLEY ROAD NORTH VANCOUVER  BC  V7J 2A7,6046160143,2018-08-22 11:49:40,49.3393838,-123.0332981
TURNER,TURNER CONSTRUCTION COMPANY,1601 - 700 WEST PENDER STREET VANCOUVER  BC  V6C 1G8,6042507718,2019-06-10 10:14:04,49.2848078,-123.1154877
RUSCO1,RUSCO ENTERPRISES ,2410 MARINE DRIVE   VANCOUVER  BC V5V 1L1,6049259095,2018-02-07 11:08:04,49.2224949,-123.1624208
SKYMA1,SKYMARK DEVELOPMENTS INC,115- 11960 HAMMERSMITH WAY  BURNABY  BC V5A 5C9,6047736954,2018-08-28 10:34:09,49.1273656,-123.1000029
KFAHO1,KFA HOMES LTD ,7664 STANLEY CRESCENT BURNABY  BC V5E2T7,6045832171,2018-02-07 10:13:40,49.2316233,-122.9523054
CENTR1,CENTREVILLE ,900 - 1095 WEST PENDER STREET VANCOUVER  BC V6E 2M6,6046859192,2019-07-24 17:36:40,49.2859316,-123.1168163
FORTU1,FORTUNE TILE INSTALLATION ,1748 HEATHER AVENUE  PORT COQUITLAM  BC V3B 2L1,7789388998,2018-07-23 08:46:04,49.2800591,-122.763098
SANDRI,RICHARD SANDERS,1345 WHITBY ROAD WEST VANCOUVER  BC  V7S 2N4,6042902834,2018-08-28 10:27:11,49.3485887,-123.1551252
SAWCHU,SAWCHUK DEVELOPMENTS CO. LTD.,486 ADAMS ROAD KELOWNA  BC  V1X 7S1,2508630696,2018-08-28 10:27:32,49.9261726,-119.3898085
GLOBAL,GLOBAL PACIFIC GLAZING,1 - 2416 WEST 5TH AVENUE VANCOUVER  BC  V6K 1S8,6047336267,2019-07-15 12:09:43,49.2671116,-123.1603768
FORMA1,FORMA CONCRETE LTD.,2408 24TH  AVENUE  VERNON  BC V1T 8X3,,2017-07-10 17:12:02,50.2590023,-119.2633235
KINGD1,KINGDOM BUILDERS,217 - 949 WEST 3RD STREET  NORTH VANCOUVER  BC V7P 3P7,,2018-02-07 10:14:03,49.3151231,-123.0809021
VALOR1,VALOROSO FOODS,1467 SUTHERLAND AVENUE  KELOWNA  BC V1Y 5Y4,2508603631,2018-02-07 10:33:58,49.88000359999999,-119.4666039
JERIC1,JERICHO TENNIS CLUB,3837 POINT GREY ROAD  VANCOUVER  BC  V6R1B3,6042212827,2018-08-22 15:09:35,49.2724414,-123.1894442
PCCCL1,PCC CLEANING SERVICES,1380 CAMMERAY ROAD  WEST VANCOUVER  BC V7S 2N3,,2018-02-07 10:21:48,49.34835899999999,-123.160754
MARVIN,MARVIN WINDOWS INC.,101 - 2999 UNDERHILL AVENUE BURNABY  BC  V5A 3C2,,2018-08-22 15:36:04,49.2582388,-122.9284507
SMITH1,SMITH BROS. & WILSON (B.C.) LTD,8729 AISNE STREET  VANCOUVER  BC V6P 3P1,,2018-02-07 10:27:52,49.2069273,-123.1223756
KITSI1,KITSILANO CONSTRUCTION & DESIGN  LTD.,#202 - 4676 MAIN STREET  VANCOUVER  BC V5V 3R7,,2018-02-07 10:14:14,,
QMENV,QM ENVIRONMENTAL LP,3580 LAIRD ROAD  UNIT 1 MISSISSAUGA  ON L5L 5Z7,6042382246,2018-09-26 13:45:00,43.5190154,-79.7026498
HXBIA,HASTINGS CROSSING BIA,210-128 WEST HASTINGS STREET VANCOUVER  BC V6B 1G8,,2019-03-27 00:00:00,49.2818923,-123.1081835
WESTLA,WESTLAM INDUSTRIES,19755 98TH AVENUE  LANGLEY  BC V1M 2X5,6048882894,2018-02-07 10:37:04,49.1810025,-122.6753611
STAGED,STAGEDOOR TECHNICAL,4A - 7157 HONEYMAN STREET DELTA  BC  V4G 1E2,6047573610,2019-06-17 09:49:56,49.132591,-123.0194491
ELKHO1,ELKHORN CONSTRUCTION LTD.,27327 - 33A AVENUE ALDERGROVE  BC  V4W 4A7,7785547625,2018-02-07 09:55:11,49.06313489999999,-122.4657386
RICHM1,RICHMOND STEEL RECYCLING LTD.,11760 MITCHELL ROAD  RICHMOND  BC V6V 1V8,6043263269,2018-02-07 10:25:58,49.201981,-123.09061
ABERD1,ABERDANE CONSTRUCTION LTD,#500 - 123 CAMBIE STREET  VANCOUVER  BC V6B 1B8,,2017-06-19 16:03:51,,
CDCCO1,CDC CONSTRUCTION,#300 - 16 W 4TH AVENUE   VANCOUVER  BC V5Y 1G3,,2018-02-07 09:51:41,,
INKQUE,INK QUEST,15462 - 131 AVENUE NW EDMONTON  AB  T5V 0A1,7804544321,2019-07-30 00:00:00,53.5919979,-113.5870796
OASDE,OASIS DECK INC.,#512  105 - 7655 EDMONDS ST BURNABY  BC  V3N 0C3,4038756494,2018-08-27 15:35:27,,
COLLAB,COLLABORATIVE EDUCATION,742 PICKERING BEACH ROAD AJAX  ONTARIO   L1S 3K8,4169095213,2018-08-22 10:53:10,43.8334564,-79.003424
EURODE,EUROPEAN DESIGN COMPANY,5358 KEW CLIFF ROAD WEST VANCOUVER  BC  V7W 1M2,6047800717,2018-08-22 12:26:56,49.3499229,-123.266809
NAVARI,NAVARIK,400 - 56 EAST 2ND AVENUE VANCOUVER  BC  V5T 1B1,6046330018,2018-08-27 15:32:01,49.2661755,-123.0959935
GEOPAC,GEOPACIFIC CONSULTANTS LTD.,1779 WEST 75TH AVENUE VANCOUVER  BC  V6P 6P2,6045187110,2018-08-22 11:51:32,49.2069153,-123.1474284
CHINT1,CHINTZ AND COMPANY,950 HOMER STREET  VANCOUVER  BC V6B 2W7,,2017-06-19 16:22:31,49.2777208,-123.1194128
HOULEE,HOULE ELECTRIC LIMITED,5050 NORTH FRASER WAY  BURNABY  BC V5J 0H1,,2017-06-19 16:40:15,49.19943379999999,-123.0033578
ALLWE1,ALL-WEST SPRAY-ON INSULATION LTD.,14014- 57A AVENUE  SURREY  BC V3X 2W3,,2017-06-19 16:04:40,49.107651,-122.8343576
PENFO1,PENFOLDS ROOFING INC.,2230 HARTLEY AVENUE COQUITLAM  BC V3K 6X3,6042544663,2018-05-31 10:41:15,49.225629,-122.8328693
SOLTE1,SOLTERRA CONST - USE CENTURA,460 FRASER VIEW PLACE  DELTA  BC V3M 6H4,6045286010,2018-02-07 10:28:08,49.159639,-122.9535642
BATTE1,BATTERED WOMEN'S SUPPORT SERVICES,PO BOX 21503 1424 COMMERCIAL D VANCOUVER  BC  V5L 5G2,,2018-08-22 10:04:50,49.28066339999999,-123.0667253
BARRYM,BARRY MACPHERSON - USE BC HOTEL,(see BC HOTEL SERVICES),6043061111,2020-03-09 09:40:25,48.4205556,-123.3725
AUTOH1,AUTOHOUSE TECHNOLOGIES INC.,201 - 1551 JOHNSTON STREET VANCOUVER  BC V6H 3R9,,2018-08-22 10:02:38,49.2718105,-123.1347518
EVERYD,EVERYDAY BUILDING SOLUTIONS,150 - 10451 SHELLBRIDGE WAY RICHMOND  BC V6X 2W9,6046004301,2018-08-22 12:27:37,49.1872844,-123.1063164
CARIO1,CARION CONSTRUCTION,118/128 - 7441 VANTAGE WAY  DELTA  BC V4G 1C9,,2018-02-07 09:51:07,49.13810650000001,-123.0184818
RALFBO,RALF BOUMA HOME RENOVATIONS,3485 MARIGOLD PLACE  QUALICUM BEACH  BC V9K 1X9,,2017-06-19 16:55:37,49.3059342,-124.5045086
SUMBRO,SUMMIT BROOKE CONSTRUCTION,104 - 31324 PEARDONVILLE RD ABBOTSFORD  BC V2T 6K8,6046268539,2018-08-28 10:47:29,49.0455753,-122.3715038
ANTHEM,ANTHEM PROPERTIES GROUP,1100 - 1055 DUNSMUIR STREET VANCOUVER  BC  V7X 1K8,6047196444,2019-08-27 11:53:54,49.279897,-123.110629
SERENE,SERENE CLEANING GROUP,706  555 WEST 28TH STREET NORTH VANCOUVER  BC  V7N 2J6,7788353079,2018-08-28 10:30:25,49.3350885,-123.0866461
PDMOOR,PD MOORE HOMES INC,206 - 4388 STILL CREEK DRIVE BURNABY  BC V5C 6C6,6043454663,2018-08-28 07:35:23,49.26011279999999,-123.0056531
SEEDAN,SEED AND NOURISH,#2 - 858 EAST 6TH AVENUE VANCOUVER  BC  V5Y 1M1,7788461239,2019-03-20 10:00:38,,
FLYNN1,FLYNN GROUP OF COMPANIES,19175 22ND AVENUE  SURREY  BC V3Z 3S6,7788795530,2018-08-22 12:30:27,49.0427171,-122.6921761
SENWI1,SEAN WIENS,2285 PHILIP AVENUE  NORTH VANCOUVER  BC V7P 2W7,7786885807,2018-08-28 10:30:07,49.330749,-123.11316
BAYSW1,BAYSWATER CONSTRUCTION MANAGEMENT,515 FIFTH STREET NELSON  BC  V1L 2W9,,2018-08-22 10:05:11,49.5030771,-117.2756273
LASNIE,LASNIER WALLACE CONSTRUCTION INC.,201 - 341 3RD STREET WEST  NORTH VANCOUVER  BC V7M 7G3,7789528008,2018-09-21 11:51:37,49.3148098,-123.0801728
ACTIO1,ACTION MOVERS INC,2725 LAKE CITY WAY  BURNABY  BC V5A 2Z6,,2017-06-19 16:04:04,49.2597588,-122.9380194
YELLOR,YELLOW RIDGE CONSTRUCTION LTD,200 - 2605 CLARKE STREET PORT MOODY  BC V3H 1Z4,6049362605,2020-03-02 00:00:00,49.277584,-122.8541052
ISLPRE,ISLAND PRECISION MANUFACTURING LTD,6660 BUTLER CRESCENT VICTORIA  BC V8M 2G8,2508836638,2018-08-22 14:29:52,48.5632256,-123.4202553
OPENDO,OPEN DOOR GROUP,30 E. 6TH AVENUE VANCOUVER  BC  V5T 1J3,7783854676,2018-08-27 15:38:08,49.2653465,-123.1040125
ETROCO,ETRO CONSTRUCTION LIMITED,4727 HASTINGS STREET BURNABY  B.C. V5C 2K8.,6044920920,2019-05-22 13:48:12,49.2812233,-122.9960719
STYLUX,STYLUX DESIGN & CONSTRUCTION,775 - 333 BROOKSBANK AVENUE NORTH VANCOUVER  BC  V7J 3S8,6042351935,2018-08-28 10:46:14,49.31008689999999,-123.0416152
094014,0940149 BC LTD.,3553 WEST 23RD AVENUE  VANCOUVER  BC,,2019-03-25 08:38:04,49.2521912,-123.1833269
2975OA,2975 OAK - DO NOT USE,,,2018-02-07 15:50:41,,
AGDEM1,A & G DEMOLITION,2671 FINLAYSON COURT  RICHMOND  BC V6X 3M5,7788470385,2017-06-19 16:04:24,49.1952229,-123.1129297
A52WAR,A52 WAREHOUSE INC.,#2 - 20146 100A AVE  LANGLEY  BC  V1M 3G2,6048810251,2017-06-19 16:03:45,,
ABSTR1,ABSTRACT HOMES,1457 RUPERT ST  VANCOUVER  BC V5K 4L6,6042405306,2017-06-19 16:03:57,49.271775,-123.0341166
ACEDE1,ACE DEMOLITION,PO BOX 43 MILNER  LANGLEY  BC V0X 1T0,6043543560,2017-06-19 16:03:59,49.1271995,-122.6235096
ADARAC,ADARA CONETEC,12140 VULCAN WAY  RICHMOND   BC  V6V 1J8,6042734311,2017-06-19 16:04:08,49.1935872,-123.0897582
AEGLIV,AEG LIVE,SUITE 501- 4570 WILSHIRE BLVD  LOS ANGELES  CA,,2017-06-19 16:04:17,34.061669,-118.3290554
ALAND1,ALAN DAWSON LANDSCAPING,1665 SHERLOCK AVE  BURNABY  BC V5A 2M9,,2017-07-10 16:26:22,49.2692529,-122.9564554
MULPRO,MULBERRY PROPERTY GROUP LTD.,208 - 828 HARBOURSIDE DRIVE NORTH VANCOUVER  BC  V7P 3R9,6049732206,2018-08-27 15:28:07,49.3147283,-123.0956615
HEABRA,HEATHERBRAE BUILDERS CO. LTD.,140 - 12371 HORSESHOE WAY RICHMOND  BC V7A 4X6,6048416207,2018-08-22 13:56:01,49.1254557,-123.0973245
TIERRA,TIERRA SOL CERAMIC TILE LTD.,50 KENVIEW BLVD BRAMPTON  ON  L6T 5S8,9057893764,2018-08-28 10:53:37,43.7402098,-79.6456491
CANMAS,CANADIAN MASTER BUILDER CONSTRUCTION LTD.,39 WILDWOOD DRIVE PORT MOODY  BC  V3H 4M5,6042508808,2018-08-22 10:28:45,49.2939649,-122.8316831
KOREVE,KORE VENTURES,110 -19140 28TH AVENUE SURREY  BC  V3Z 6M3,6043184009,2018-08-22 15:19:19,49.0519714,-122.6930333
ANDRE4,ANDREW PELLER,1000-1200 W. 73RD AVE  VANCOUVER  BC  V6P 6G5,6042679463,2017-06-19 16:05:09,49.2039694,-123.1339295
APPIA1,APPIA DEVELOPMENTS (2001) LTD.,#1200 - 4445 LOUGHEED HWY BURNABY  BC V5C 0E4,,2017-08-16 14:26:55,,
AQUILI,ADC MANAGEMENT LP,89 WEST GEORGIA STREET VANCOUVER  BC  V6B 0N8,6046878813,2019-05-22 16:10:15,49.27774789999999,-123.1097082
2975O1,2975 OAK ST. LP,510 W. HASTINGS 2ND FLOOR VANCOUVER  BC V6B 1L8,6048614005,2017-07-10 16:25:29,49.28398749999999,-123.1124277
ARROWM,ARROW MARINE SERVICES,-,,2017-06-19 16:05:23,,
BLUEG1,BLUE GREEN PRODUCTIONS,140 - W. 23RD STREET NORTH VANCOUVER  BC  V7M 2B2,6047225601,2018-08-22 10:20:02,49.3304941,-123.0740307
BOFFOF,BOFFO FAMILY OF COMPANIES,1391 VENABLES STREET VANCOUVER  BC  V5L 2G1,,2018-08-22 10:21:21,49.276985,-123.0754549
AGARDE,A GARDENER & A GENTLEMAN,1660 CLIFF AVENUE BURNABY  BC V5A 2K2,6043195302,2018-08-22 09:49:44,49.269051,-122.958603
BOSAC1,BOSA DEVELOPMENT,1300 - 2025 WILLINGDON AVENUE BURNABY  BC  V5C 0J3,6042940666,2018-08-22 10:22:48,49.26604,-123.003616
BOUYG1,BOUYGUES CONSTRUCTION,200-1500 WEST GEORGIA ST  VANCOUVER  BC V6G 2Z6,,2017-06-19 16:06:45,49.2798949,-123.1142106
BRIDGE,BRIDGE ELECTRIC,11091 HAMMERSMITH GATE  RICHMOND  BC  V7A 5E6,,2017-06-19 16:20:46,49.127801,-123.102392
BUTLE1,BUTLER BROTHERS CONSTRUCTION,19-40137 GOVERNMENT ROAD  SQUAMISH  BC V8B 0N7,,2017-06-19 16:21:04,49.72828819999999,-123.1537562
FNFISH,FIRST NATIONS FISHERIES SOCIETY,320 - 1200 WEST 73RD AVENUE VANCOUVER  BC V6P  6G5,7783796470,2019-02-12 10:33:39,49.2041247,-123.1332583
BYTHEY,BY THE YARD,333 BOUNDARY ROAD  VANCOUVER  BC   V5K 4S1,6042941495,2017-06-19 16:21:08,49.2818426,-123.023858
LUXHOS,LUX HOSPITALITY,800 - 333 SEYMOUR STREET VANCOUVER  BC  V6B 5A6,7789608139,2019-12-02 13:39:54,49.280081,-123.1193045
CITYO1,CITY OF VANCOUVER,PO BOX 7757  VANCOUVER  BC V6B 0L5,6048716026,2017-07-24 16:52:06,49.279879,-123.1158861
AEROGE,AERO GEOMETRICS LTD.,209 - 837 WEST HASTINGS STREET VANCOUVER  BC  V6C 3N6,6044088740,2019-08-28 12:07:11,49.282852,-123.1096637
CLAYC1,CLAY CONSTRUCTION INC.,26055 5A AVE  LANGLEY  BC V4W 2K6,6045055964,2017-06-19 16:23:06,49.0120273,-122.4963426
CLEARL,CLEARLY PLUMBING LTD.,1029 RIDGEWAY PO BOX 1326  COQUITLAM  V3J 1S6,,2017-06-19 16:23:17,49.2499391,-122.8652242
CONTRA,CONTRADA ENTERPRISES,4557 KNIGHT ST  VANCOUVER  BC  V5N 3M8,,2017-06-19 16:23:46,49.24365599999999,-123.076582
CRESCO,CRESCO DEVELOPMENTS INC.,5230 ASH STREET  VANCOUVER  BC   V5Z 3G4,6047283982,2017-06-19 16:24:04,49.23798499999999,-123.1173923
DALLAS,DALLAS WATT DEMO LTD.,149 - 20033 - 70TH AVENUE LANGLEY  BC V2Y 3A2,,2017-06-19 16:24:27,49.13016349999999,-122.6676615
DECAI1,DE CAIGNY CONSTRUCTION,13036 61B AVE  COQUITLAM  BC V3C 4E4,,2017-06-19 16:24:44,49.2702289,-122.7907862
DIVINE,DIVINE INTERVENTION,#820 - 750 WEST PENDER ST.  VANCOUVER  BC V6C 1G8,6044880866,2017-06-19 16:25:03,,
GRIMEB,GRIME BUSTERS RESIDENTIAL & COMMERCIAL CLEANING,17682 57 AVENUE SURREY  BC  V3S 1H2,6048891673,2020-02-06 11:51:13,49.10576460000001,-122.7322848
UPPERA,UPPER ARROWS MANAGEMENT LTD.,1672 WEST 2ND AVE  VANCOUVER  BC V6J 1H4,6047879855,2018-08-22 13:33:23,49.2695865,-123.1425199
DOGTAX,DOG TAXI PET PRODUCTS AND SERVICES,2419 COLUMBIA STREET  VANCOUVER  BC V5Y 3E7,6047200358,2017-06-19 16:25:34,49.2634705,-123.1096932
DUBASM,DUBAS MANAGEMENT & CONSTRUCTION,205 - 3993 HENNING DR  BURNABY  BC V5C 6P3,,2017-06-19 16:30:44,49.264719,-123.0148537
EDGEMO,EDGEMONT MOVING & STORAGE,1550 BAY STREET  NORTH VANCOUVER  BC V7J 1A1,6049840626,2019-08-19 09:43:27,49.3015907,-123.0309228
EDGEWA,EDGEWATER CASINO,760 PACIFIC BOULEVARD VANCOUVER  BC V6B 5E7,,2018-08-22 12:23:27,49.27463909999999,-123.1090131
EJMCO1,EJM CONSTRUCTION,#205 -18428 53RD AVENUE  SURREY  BC V3S 7A4,6048378281,2017-06-19 16:31:27,,
EJMCO5,EJM - DO NOT USE,#205 -18428 53RD AVENUE  SURREY  BC V3S 7A4,6048416560,2017-06-28 11:40:24,,
ENCAL1,ENCALL PROPERTY SERVICES,201-2323 BOUNDARY ROAD  VANCOUVER  BC V5M 4V8,6043685789,2017-06-19 16:32:03,49.2636844,-123.0246925
EPIXAL,EPIX (ALEXANDER STREET) LTD,BENTALL ONE TOWER BOX 91 1790  VANCOUVER  BC V7X 1M9,,2017-06-19 16:32:07,49.2865471,-123.1201099
ERICAY,ERIC AYACHE,#4-40750 TANTALUS ROAD  SQUAMISH  BC V8B 0N2,,2017-06-19 16:32:13,,
EUROPE,EUROPEAN CUSTOM STONE INC,1331 WEST 23RD STREET  NORTH VANCOUVER  BC V7P 2H6,6047206586,2017-06-19 16:32:34,49.3308779,-123.1111066
FAIRT1,FAIR TRADE WORKS,1520 RAND AVENUE  VANCOUVER  BC V6P3G2,7783841587,2017-06-19 16:33:06,49.2045807,-123.141833
FIRSTU,FIRST UNITED CHURCH COMMUNITY MINISTRY SOCIETY,320 EAST HASTINGS STREET VANCOUVER  BC V6A 1P4,6047546332,2018-10-23 14:24:04,49.2809976,-123.0970054
FRONTF,FRONT FIRST DESIGNS LTD,120 - 1200 VALMONT WAY RICHMOND  BC V6V 1Y4,6042769582,2018-12-28 12:39:07,49.202103,-123.061191
GALAFA,GALA FABRICS,2162 KINGSWAY  VANCOUVER  BC V5N 2T5,,2017-06-19 16:34:40,49.24374419999999,-123.0625982
GEOCA1,GEO CAPITAL,514-1482 MARINE DR  WEST VANCOUVER  BC V7T 1B8,,2017-06-19 16:34:46,49.3281012,-123.1562879
GLENLO,GLEN LOUGHEED,2468 ADANAC ST  VANCOUVER  BC  V5K 2N4,,2018-08-22 13:38:38,49.2773257,-123.0548854
NORTH3,NORTHWEST METTECH CORP.,#103-19335 96TH AVENUE SURREY  BC V4N 4C4,6049871668,2018-08-27 15:33:41,,
HARBEL,HARBEL HOMES,16328- 56 AVENUE  SURREY BC V3S 2J7,6047834279,2017-06-19 16:36:21,49.1035795,-122.7708708
HAZMAT,HAZMATRA ENVIRONMENTAL SERVICE,3909 CHARLES STREET  BURNABY  BC V5C 5S7,,2017-06-19 16:36:36,49.2731832,-123.0182714
HUNTER,HUNTER MACHINERY INSTALLATIONS,PO BOX 65009  ORANGE PARK   FL 32065,9042725009,2018-08-22 14:08:04,30.1660736,-81.706484
ICONW1,ICON WEST GROUP,600  1067 WEST CORDOVA ST VANCOUVER  BC  V6C 1C7,6047896988,2019-08-07 14:01:11,49.2883284,-123.1176487
INTERG,INTERGULF DEVELOPMENT (MOUNTAIN) CORP.,#880 - 700 WEST GEORGIA STREET VANCOUVER  BC  V7Y 1B6,6046128506,2018-08-22 12:48:47,,
INTRA1,INTRACORP - USE INTRACORP LP,900 - 666 BURRARD STREET  VANCOUVER  BC V6C 2X8,6048017000,2020-03-09 09:47:44,49.28187399999999,-123.124402
INVENT,INVENTA SALES,210 - 1401 WEST 8TH AVENUE VANCOUVER  BC V6H 2V1,6046870544,2018-08-22 14:17:37,49.2647809,-123.1364035
IRONMO,IRON MT - USE GROUP,1624 LANGAN AVE  COQUITLAM  BC V3C 1K5,6044647555,2020-03-09 09:49:36,49.24988399999999,-122.7596638
ISIDOR,ISIDORE LANDSCAPES INC,21200 RIVER ROAD  RICHMOND  BC V6V 1M3,6045228360,2017-06-19 16:41:25,49.1823648,-122.9897457
JTWCO1,JTW CONSULTING,204 BRAEMAR ROAD E  NORTH VANCOUVER  BC V7N 1R1,7788989908,2018-08-22 15:14:06,49.3434748,-123.0682693
